attributes,datatype,date,station,value
",,N,",PRCP,2017-01-01T00:00:00,GHCND:US1KYDV0003,10
",,N,",PRCP,2017-01-01T00:00:00,GHCND:US1KYDV0006,15
",,7,0600",PRCP,2017-01-01T00:00:00,GHCND:USC00156094,0
",,N,",PRCP,2017-01-02T00:00:00,GHCND:US1KYDV0003,8
"T,,N,",PRCP,2017-01-02T00:00:00,GHCND:US1KYDV0006,0
",,7,0600",PRCP,2017-01-02T00:00:00,GHCND:USC00156094,13
",,N,",PRCP,2017-01-03T00:00:00,GHCND:US1KYDV0003,76
",,N,",PRCP,2017-01-03T00:00:00,GHCND:US1KYDV0006,81
",,7,0600",PRCP,2017-01-03T00:00:00,GHCND:USC00156094,0
",,N,",PRCP,2017-01-04T00:00:00,GHCND:US1KYDV0003,0
",,N,",SNOW,2017-01-04T00:00:00,GHCND:US1KYDV0003,0
",,N,",PRCP,2017-01-04T00:00:00,GHCND:US1KYDV0006,0
",,N,",SNOW,2017-01-04T00:00:00,GHCND:US1KYDV0006,0
",,N,",PRCP,2017-01-04T00:00:00,GHCND:US1KYDV0007,76
",,7,0600",PRCP,2017-01-04T00:00:00,GHCND:USC00156094,0
",,N,",PRCP,2017-01-05T00:00:00,GHCND:US1KYDV0003,0
",,N,",SNOW,2017-01-05T00:00:00,GHCND:US1KYDV0003,0
",,N,",PRCP,2017-01-05T00:00:00,GHCND:US1KYDV0006,0
",,N,",SNOW,2017-01-05T00:00:00,GHCND:US1KYDV0006,0
",,7,0600",PRCP,2017-01-05T00:00:00,GHCND:USC00156094,0
",,N,",PRCP,2017-01-06T00:00:00,GHCND:US1KYDV0003,0
",,N,",SNOW,2017-01-06T00:00:00,GHCND:US1KYDV0003,0
",,N,",PRCP,2017-01-06T00:00:00,GHCND:US1KYDV0006,28
",,7,0600",PRCP,2017-01-06T00:00:00,GHCND:USC00156094,28
",,7,",SNOW,2017-01-06T00:00:00,GHCND:USC00156094,25
",,7,",SNWD,2017-01-06T00:00:00,GHCND:USC00156094,25
",,N,",PRCP,2017-01-07T00:00:00,GHCND:US1KYDV0003,0
",,N,",SNOW,2017-01-07T00:00:00,GHCND:US1KYDV0003,0
",,N,",PRCP,2017-01-07T00:00:00,GHCND:US1KYDV0006,0
",,N,",SNOW,2017-01-07T00:00:00,GHCND:US1KYDV0006,0
",,7,0600",PRCP,2017-01-07T00:00:00,GHCND:USC00156094,0
",,N,",PRCP,2017-01-08T00:00:00,GHCND:US1KYDV0003,0
",,N,",SNOW,2017-01-08T00:00:00,GHCND:US1KYDV0003,0
",,N,",PRCP,2017-01-08T00:00:00,GHCND:US1KYDV0006,0
",,N,",SNOW,2017-01-08T00:00:00,GHCND:US1KYDV0006,0
",,7,0600",PRCP,2017-01-08T00:00:00,GHCND:USC00156094,0
",,N,",PRCP,2017-01-09T00:00:00,GHCND:US1KYDV0003,0
",,N,",SNOW,2017-01-09T00:00:00,GHCND:US1KYDV0003,0
",,N,",PRCP,2017-01-09T00:00:00,GHCND:US1KYDV0006,0
",,N,",SNOW,2017-01-09T00:00:00,GHCND:US1KYDV0006,0
",,7,0600",PRCP,2017-01-09T00:00:00,GHCND:USC00156094,0
",,N,",PRCP,2017-01-10T00:00:00,GHCND:US1KYDV0003,0
",,N,",SNOW,2017-01-10T00:00:00,GHCND:US1KYDV0003,0
",,N,",PRCP,2017-01-10T00:00:00,GHCND:US1KYDV0006,0
",,N,",SNOW,2017-01-10T00:00:00,GHCND:US1KYDV0006,0
",,N,",PRCP,2017-01-10T00:00:00,GHCND:US1KYDV0007,0
",,7,0600",PRCP,2017-01-10T00:00:00,GHCND:USC00156094,0
",,N,",PRCP,2017-01-11T00:00:00,GHCND:US1KYDV0003,0
",,N,",SNOW,2017-01-11T00:00:00,GHCND:US1KYDV0003,0
"T,,N,",PRCP,2017-01-11T00:00:00,GHCND:US1KYDV0006,0
",,N,",PRCP,2017-01-11T00:00:00,GHCND:US1KYDV0007,8
",,7,0600",PRCP,2017-01-11T00:00:00,GHCND:USC00156094,3
",,N,",PRCP,2017-01-12T00:00:00,GHCND:US1KYDV0003,25
",,N,",PRCP,2017-01-12T00:00:00,GHCND:US1KYDV0006,10
",,N,",PRCP,2017-01-12T00:00:00,GHCND:US1KYDV0007,28
",,7,0600",PRCP,2017-01-12T00:00:00,GHCND:USC00156094,23
",,N,",PRCP,2017-01-13T00:00:00,GHCND:US1KYDV0003,140
",,N,",PRCP,2017-01-13T00:00:00,GHCND:US1KYDV0006,48
",,N,",PRCP,2017-01-13T00:00:00,GHCND:US1KYDV0007,104
",,7,0600",PRCP,2017-01-13T00:00:00,GHCND:USC00156094,91
",,N,",PRCP,2017-01-14T00:00:00,GHCND:US1KYDV0003,183
",,N,",PRCP,2017-01-14T00:00:00,GHCND:US1KYDV0006,206
",,N,",PRCP,2017-01-14T00:00:00,GHCND:US1KYDV0007,152
",,7,0600",PRCP,2017-01-14T00:00:00,GHCND:USC00156094,193
",,N,",PRCP,2017-01-15T00:00:00,GHCND:US1KYDV0003,76
",,N,",PRCP,2017-01-15T00:00:00,GHCND:US1KYDV0006,79
",,N,",PRCP,2017-01-15T00:00:00,GHCND:US1KYDV0007,53
",,7,0600",PRCP,2017-01-15T00:00:00,GHCND:USC00156094,28
",,N,",PRCP,2017-01-16T00:00:00,GHCND:US1KYDV0003,13
",,N,",PRCP,2017-01-16T00:00:00,GHCND:US1KYDV0006,23
",,N,",PRCP,2017-01-16T00:00:00,GHCND:US1KYDV0007,10
",,7,0600",PRCP,2017-01-16T00:00:00,GHCND:USC00156094,13
",,N,",PRCP,2017-01-17T00:00:00,GHCND:US1KYDV0003,178
",,N,",PRCP,2017-01-17T00:00:00,GHCND:US1KYDV0006,193
",,N,",PRCP,2017-01-17T00:00:00,GHCND:US1KYDV0007,178
",,7,0600",PRCP,2017-01-17T00:00:00,GHCND:USC00156094,170
",,N,",PRCP,2017-01-18T00:00:00,GHCND:US1KYDV0003,0
",,N,",SNOW,2017-01-18T00:00:00,GHCND:US1KYDV0003,0
",,N,",PRCP,2017-01-18T00:00:00,GHCND:US1KYDV0006,0
",,N,",SNOW,2017-01-18T00:00:00,GHCND:US1KYDV0006,0
",,N,",PRCP,2017-01-18T00:00:00,GHCND:US1KYDV0007,0
",,7,0600",PRCP,2017-01-18T00:00:00,GHCND:USC00156094,0
",,N,",PRCP,2017-01-19T00:00:00,GHCND:US1KYDV0003,0
",,N,",SNOW,2017-01-19T00:00:00,GHCND:US1KYDV0003,0
",,N,",PRCP,2017-01-19T00:00:00,GHCND:US1KYDV0006,0
",,N,",SNOW,2017-01-19T00:00:00,GHCND:US1KYDV0006,0
",,7,0600",PRCP,2017-01-19T00:00:00,GHCND:USC00156094,0
",,N,",PRCP,2017-01-20T00:00:00,GHCND:US1KYDV0003,216
",,N,",PRCP,2017-01-20T00:00:00,GHCND:US1KYDV0006,208
",,N,",PRCP,2017-01-20T00:00:00,GHCND:US1KYDV0007,229
",,7,0600",PRCP,2017-01-20T00:00:00,GHCND:USC00156094,241
",,N,",PRCP,2017-01-21T00:00:00,GHCND:US1KYDV0003,0
",,N,",SNOW,2017-01-21T00:00:00,GHCND:US1KYDV0003,0
",,N,",PRCP,2017-01-21T00:00:00,GHCND:US1KYDV0006,0
",,N,",SNOW,2017-01-21T00:00:00,GHCND:US1KYDV0006,0
"T,,7,0600",PRCP,2017-01-21T00:00:00,GHCND:USC00156094,0
",,N,",PRCP,2017-01-22T00:00:00,GHCND:US1KYDV0003,0
",,N,",SNOW,2017-01-22T00:00:00,GHCND:US1KYDV0003,0
",,N,",PRCP,2017-01-22T00:00:00,GHCND:US1KYDV0006,0
",,N,",SNOW,2017-01-22T00:00:00,GHCND:US1KYDV0006,0
",,7,0600",PRCP,2017-01-22T00:00:00,GHCND:USC00156094,0
",,N,",PRCP,2017-01-23T00:00:00,GHCND:US1KYDV0003,0
",,N,",SNOW,2017-01-23T00:00:00,GHCND:US1KYDV0003,0
"T,,N,",PRCP,2017-01-23T00:00:00,GHCND:US1KYDV0006,0
",,N,",PRCP,2017-01-23T00:00:00,GHCND:US1KYDV0007,8
",,7,0600",PRCP,2017-01-23T00:00:00,GHCND:USC00156094,0
",,N,",PRCP,2017-01-24T00:00:00,GHCND:US1KYDV0003,0
",,N,",SNOW,2017-01-24T00:00:00,GHCND:US1KYDV0003,0
",,N,",PRCP,2017-01-24T00:00:00,GHCND:US1KYDV0006,0
",,N,",SNOW,2017-01-24T00:00:00,GHCND:US1KYDV0006,0
",,7,0600",PRCP,2017-01-24T00:00:00,GHCND:USC00156094,0
",,N,",PRCP,2017-01-25T00:00:00,GHCND:US1KYDV0003,0
",,N,",SNOW,2017-01-25T00:00:00,GHCND:US1KYDV0003,0
",,N,",PRCP,2017-01-25T00:00:00,GHCND:US1KYDV0006,0
",,N,",SNOW,2017-01-25T00:00:00,GHCND:US1KYDV0006,0
",,7,0600",PRCP,2017-01-25T00:00:00,GHCND:USC00156094,0
",,N,",PRCP,2017-01-26T00:00:00,GHCND:US1KYDV0003,0
",,N,",SNOW,2017-01-26T00:00:00,GHCND:US1KYDV0003,0
",,N,",PRCP,2017-01-26T00:00:00,GHCND:US1KYDV0006,0
",,N,",SNOW,2017-01-26T00:00:00,GHCND:US1KYDV0006,0
",,7,0600",PRCP,2017-01-26T00:00:00,GHCND:USC00156094,0
",,N,",PRCP,2017-01-27T00:00:00,GHCND:US1KYDV0003,0
",,N,",SNOW,2017-01-27T00:00:00,GHCND:US1KYDV0003,0
"T,,N,",PRCP,2017-01-27T00:00:00,GHCND:US1KYDV0006,0
",,7,0600",PRCP,2017-01-27T00:00:00,GHCND:USC00156094,0
",,N,",PRCP,2017-01-28T00:00:00,GHCND:US1KYDV0003,0
",,N,",SNOW,2017-01-28T00:00:00,GHCND:US1KYDV0003,0
",,N,",PRCP,2017-01-28T00:00:00,GHCND:US1KYDV0006,0
",,N,",SNOW,2017-01-28T00:00:00,GHCND:US1KYDV0006,0
",,7,0600",PRCP,2017-01-28T00:00:00,GHCND:USC00156094,0
",,N,",PRCP,2017-01-29T00:00:00,GHCND:US1KYDV0003,0
",,N,",SNOW,2017-01-29T00:00:00,GHCND:US1KYDV0003,0
",,N,",PRCP,2017-01-29T00:00:00,GHCND:US1KYDV0006,0
",,N,",SNOW,2017-01-29T00:00:00,GHCND:US1KYDV0006,0
",,7,0600",PRCP,2017-01-29T00:00:00,GHCND:USC00156094,0
",,N,",PRCP,2017-01-30T00:00:00,GHCND:US1KYDV0003,0
",,N,",SNOW,2017-01-30T00:00:00,GHCND:US1KYDV0003,0
"T,,N,",PRCP,2017-01-30T00:00:00,GHCND:US1KYDV0006,0
",,7,0600",PRCP,2017-01-30T00:00:00,GHCND:USC00156094,0
",,N,",PRCP,2017-01-31T00:00:00,GHCND:US1KYDV0003,0
",,N,",SNOW,2017-01-31T00:00:00,GHCND:US1KYDV0003,0
",,N,",PRCP,2017-01-31T00:00:00,GHCND:US1KYDV0006,0
",,N,",SNOW,2017-01-31T00:00:00,GHCND:US1KYDV0006,0
",,7,0600",PRCP,2017-01-31T00:00:00,GHCND:USC00156094,0
",,N,",PRCP,2017-02-01T00:00:00,GHCND:US1KYDV0003,0
",,N,",SNOW,2017-02-01T00:00:00,GHCND:US1KYDV0003,0
",,N,",PRCP,2017-02-01T00:00:00,GHCND:US1KYDV0006,0
",,N,",SNOW,2017-02-01T00:00:00,GHCND:US1KYDV0006,0
",,7,0600",PRCP,2017-02-01T00:00:00,GHCND:USC00156094,0
",,N,",PRCP,2017-02-02T00:00:00,GHCND:US1KYDV0003,0
",,N,",SNOW,2017-02-02T00:00:00,GHCND:US1KYDV0003,0
",,N,",PRCP,2017-02-02T00:00:00,GHCND:US1KYDV0006,0
",,N,",SNOW,2017-02-02T00:00:00,GHCND:US1KYDV0006,0
",,7,0600",PRCP,2017-02-02T00:00:00,GHCND:USC00156094,0
",,N,",PRCP,2017-02-03T00:00:00,GHCND:US1KYDV0003,0
",,N,",SNOW,2017-02-03T00:00:00,GHCND:US1KYDV0003,0
",,N,",PRCP,2017-02-03T00:00:00,GHCND:US1KYDV0006,0
",,N,",SNOW,2017-02-03T00:00:00,GHCND:US1KYDV0006,0
",,7,0600",PRCP,2017-02-03T00:00:00,GHCND:USC00156094,0
",,N,",PRCP,2017-02-04T00:00:00,GHCND:US1KYDV0003,0
",,N,",SNOW,2017-02-04T00:00:00,GHCND:US1KYDV0003,0
",,N,",PRCP,2017-02-04T00:00:00,GHCND:US1KYDV0006,0
",,N,",SNOW,2017-02-04T00:00:00,GHCND:US1KYDV0006,0
",,7,0600",PRCP,2017-02-04T00:00:00,GHCND:USC00156094,0
",,N,",PRCP,2017-02-05T00:00:00,GHCND:US1KYDV0003,0
",,N,",SNOW,2017-02-05T00:00:00,GHCND:US1KYDV0003,0
",,N,",PRCP,2017-02-05T00:00:00,GHCND:US1KYDV0006,0
",,N,",SNOW,2017-02-05T00:00:00,GHCND:US1KYDV0006,0
",,7,0600",PRCP,2017-02-05T00:00:00,GHCND:USC00156094,0
",,N,",PRCP,2017-02-06T00:00:00,GHCND:US1KYDV0003,0
",,N,",SNOW,2017-02-06T00:00:00,GHCND:US1KYDV0003,0
",,N,",PRCP,2017-02-06T00:00:00,GHCND:US1KYDV0006,0
",,N,",SNOW,2017-02-06T00:00:00,GHCND:US1KYDV0006,0
",,7,0600",PRCP,2017-02-06T00:00:00,GHCND:USC00156094,0
",,N,",PRCP,2017-02-07T00:00:00,GHCND:US1KYDV0003,64
"T,,N,",PRCP,2017-02-07T00:00:00,GHCND:US1KYDV0006,0
",,N,",PRCP,2017-02-07T00:00:00,GHCND:US1KYDV0007,8
",,7,0600",PRCP,2017-02-07T00:00:00,GHCND:USC00156094,8
",,N,",PRCP,2017-02-08T00:00:00,GHCND:US1KYDV0003,25
",,N,",PRCP,2017-02-08T00:00:00,GHCND:US1KYDV0006,254
",,N,",PRCP,2017-02-08T00:00:00,GHCND:US1KYDV0007,84
",,7,0600",PRCP,2017-02-08T00:00:00,GHCND:USC00156094,0
",,N,",PRCP,2017-02-09T00:00:00,GHCND:US1KYDV0003,0
",,N,",SNOW,2017-02-09T00:00:00,GHCND:US1KYDV0003,0
",,N,",PRCP,2017-02-09T00:00:00,GHCND:US1KYDV0006,8
",,7,0600",PRCP,2017-02-09T00:00:00,GHCND:USC00156094,71
",,N,",PRCP,2017-02-10T00:00:00,GHCND:US1KYDV0003,0
",,N,",SNOW,2017-02-10T00:00:00,GHCND:US1KYDV0003,0
",,N,",PRCP,2017-02-10T00:00:00,GHCND:US1KYDV0006,0
",,N,",SNOW,2017-02-10T00:00:00,GHCND:US1KYDV0006,0
",,7,0600",PRCP,2017-02-10T00:00:00,GHCND:USC00156094,0
",,N,",PRCP,2017-02-11T00:00:00,GHCND:US1KYDV0003,0
",,N,",SNOW,2017-02-11T00:00:00,GHCND:US1KYDV0003,0
",,N,",PRCP,2017-02-11T00:00:00,GHCND:US1KYDV0006,0
",,N,",SNOW,2017-02-11T00:00:00,GHCND:US1KYDV0006,0
",,N,",PRCP,2017-02-11T00:00:00,GHCND:US1KYDV0007,0
",,7,0600",PRCP,2017-02-11T00:00:00,GHCND:USC00156094,0
",,N,",PRCP,2017-02-12T00:00:00,GHCND:US1KYDV0003,0
",,N,",SNOW,2017-02-12T00:00:00,GHCND:US1KYDV0003,0
",,N,",PRCP,2017-02-12T00:00:00,GHCND:US1KYDV0006,0
",,N,",SNOW,2017-02-12T00:00:00,GHCND:US1KYDV0006,0
",,7,0600",PRCP,2017-02-12T00:00:00,GHCND:USC00156094,0
",,N,",PRCP,2017-02-13T00:00:00,GHCND:US1KYDV0003,0
",,N,",SNOW,2017-02-13T00:00:00,GHCND:US1KYDV0003,0
",,N,",PRCP,2017-02-13T00:00:00,GHCND:US1KYDV0006,0
",,N,",SNOW,2017-02-13T00:00:00,GHCND:US1KYDV0006,0
",,7,0600",PRCP,2017-02-13T00:00:00,GHCND:USC00156094,0
",,N,",PRCP,2017-02-14T00:00:00,GHCND:US1KYDV0003,0
",,N,",SNOW,2017-02-14T00:00:00,GHCND:US1KYDV0003,0
",,N,",PRCP,2017-02-14T00:00:00,GHCND:US1KYDV0006,0
",,N,",SNOW,2017-02-14T00:00:00,GHCND:US1KYDV0006,0
"T,,7,0600",PRCP,2017-02-14T00:00:00,GHCND:USC00156094,0
",,N,",PRCP,2017-02-15T00:00:00,GHCND:US1KYDV0003,0
",,N,",SNOW,2017-02-15T00:00:00,GHCND:US1KYDV0003,0
",,N,",PRCP,2017-02-15T00:00:00,GHCND:US1KYDV0006,0
",,N,",SNOW,2017-02-15T00:00:00,GHCND:US1KYDV0006,0
"T,,7,0600",PRCP,2017-02-15T00:00:00,GHCND:USC00156094,0
",,N,",PRCP,2017-02-16T00:00:00,GHCND:US1KYDV0003,0
",,N,",SNOW,2017-02-16T00:00:00,GHCND:US1KYDV0003,0
",,N,",PRCP,2017-02-16T00:00:00,GHCND:US1KYDV0006,0
",,N,",SNOW,2017-02-16T00:00:00,GHCND:US1KYDV0006,0
",,7,0600",PRCP,2017-02-16T00:00:00,GHCND:USC00156094,0
",,N,",PRCP,2017-02-17T00:00:00,GHCND:US1KYDV0003,0
",,N,",SNOW,2017-02-17T00:00:00,GHCND:US1KYDV0003,0
",,N,",PRCP,2017-02-17T00:00:00,GHCND:US1KYDV0006,0
",,N,",SNOW,2017-02-17T00:00:00,GHCND:US1KYDV0006,0
",,7,0600",PRCP,2017-02-17T00:00:00,GHCND:USC00156094,0
",,N,",PRCP,2017-02-18T00:00:00,GHCND:US1KYDV0003,0
",,N,",SNOW,2017-02-18T00:00:00,GHCND:US1KYDV0003,0
",,N,",PRCP,2017-02-18T00:00:00,GHCND:US1KYDV0006,0
",,N,",SNOW,2017-02-18T00:00:00,GHCND:US1KYDV0006,0
",,7,0600",PRCP,2017-02-18T00:00:00,GHCND:USC00156094,0
",,N,",PRCP,2017-02-19T00:00:00,GHCND:US1KYDV0003,0
",,N,",SNOW,2017-02-19T00:00:00,GHCND:US1KYDV0003,0
",,N,",PRCP,2017-02-19T00:00:00,GHCND:US1KYDV0006,30
",,N,",PRCP,2017-02-19T00:00:00,GHCND:US1KYDV0007,41
",,7,0600",PRCP,2017-02-19T00:00:00,GHCND:USC00156094,53
",,N,",PRCP,2017-02-20T00:00:00,GHCND:US1KYDV0003,0
",,N,",SNOW,2017-02-20T00:00:00,GHCND:US1KYDV0003,0
",,N,",PRCP,2017-02-20T00:00:00,GHCND:US1KYDV0006,0
",,N,",SNOW,2017-02-20T00:00:00,GHCND:US1KYDV0006,0
",,N,",PRCP,2017-02-20T00:00:00,GHCND:US1KYDV0007,0
",,7,0600",PRCP,2017-02-20T00:00:00,GHCND:USC00156094,0
",,N,",PRCP,2017-02-21T00:00:00,GHCND:US1KYDV0003,0
",,N,",SNOW,2017-02-21T00:00:00,GHCND:US1KYDV0003,0
",,N,",PRCP,2017-02-21T00:00:00,GHCND:US1KYDV0006,0
",,N,",SNOW,2017-02-21T00:00:00,GHCND:US1KYDV0006,0
",,N,",PRCP,2017-02-21T00:00:00,GHCND:US1KYDV0007,0
",,7,0600",PRCP,2017-02-21T00:00:00,GHCND:USC00156094,0
",,N,",PRCP,2017-02-22T00:00:00,GHCND:US1KYDV0003,0
",,N,",SNOW,2017-02-22T00:00:00,GHCND:US1KYDV0003,0
"T,,N,",PRCP,2017-02-22T00:00:00,GHCND:US1KYDV0006,0
",,7,0600",PRCP,2017-02-22T00:00:00,GHCND:USC00156094,8
",,N,",PRCP,2017-02-23T00:00:00,GHCND:US1KYDV0003,0
",,N,",SNOW,2017-02-23T00:00:00,GHCND:US1KYDV0003,0
",,N,",PRCP,2017-02-23T00:00:00,GHCND:US1KYDV0006,0
",,N,",SNOW,2017-02-23T00:00:00,GHCND:US1KYDV0006,0
",,7,0600",PRCP,2017-02-23T00:00:00,GHCND:USC00156094,0
",,N,",PRCP,2017-02-24T00:00:00,GHCND:US1KYDV0003,0
",,N,",SNOW,2017-02-24T00:00:00,GHCND:US1KYDV0003,0
",,N,",PRCP,2017-02-24T00:00:00,GHCND:US1KYDV0006,0
",,N,",SNOW,2017-02-24T00:00:00,GHCND:US1KYDV0006,0
",,7,0600",PRCP,2017-02-24T00:00:00,GHCND:USC00156094,0
",,N,",PRCP,2017-02-25T00:00:00,GHCND:US1KYDV0003,15
",,N,",PRCP,2017-02-25T00:00:00,GHCND:US1KYDV0006,10
",,7,0600",PRCP,2017-02-25T00:00:00,GHCND:USC00156094,0
",,N,",PRCP,2017-02-26T00:00:00,GHCND:US1KYDV0003,0
",,N,",SNOW,2017-02-26T00:00:00,GHCND:US1KYDV0003,0
"T,,N,",PRCP,2017-02-26T00:00:00,GHCND:US1KYDV0006,0
",,7,0600",PRCP,2017-02-26T00:00:00,GHCND:USC00156094,28
",,N,",PRCP,2017-02-27T00:00:00,GHCND:US1KYDV0003,25
",,N,",PRCP,2017-02-27T00:00:00,GHCND:US1KYDV0006,0
",,N,",SNOW,2017-02-27T00:00:00,GHCND:US1KYDV0006,0
",,N,",PRCP,2017-02-27T00:00:00,GHCND:US1KYDV0007,33
",,7,0600",PRCP,2017-02-27T00:00:00,GHCND:USC00156094,15
",,N,",PRCP,2017-02-28T00:00:00,GHCND:US1KYDV0003,165
",,N,",PRCP,2017-02-28T00:00:00,GHCND:US1KYDV0006,23
",,7,0600",PRCP,2017-02-28T00:00:00,GHCND:USC00156094,157
",,N,",PRCP,2017-03-01T00:00:00,GHCND:US1KYDV0003,254
",,N,",PRCP,2017-03-01T00:00:00,GHCND:US1KYDV0006,394
",,7,0600",PRCP,2017-03-01T00:00:00,GHCND:USC00156094,348
",,N,",PRCP,2017-03-02T00:00:00,GHCND:US1KYDV0003,0
",,N,",SNOW,2017-03-02T00:00:00,GHCND:US1KYDV0003,0
",,N,",PRCP,2017-03-02T00:00:00,GHCND:US1KYDV0006,157
",,7,0600",PRCP,2017-03-02T00:00:00,GHCND:USC00156094,0
",,N,",PRCP,2017-03-03T00:00:00,GHCND:US1KYDV0003,13
",,N,",PRCP,2017-03-03T00:00:00,GHCND:US1KYDV0006,8
",,7,0600",PRCP,2017-03-03T00:00:00,GHCND:USC00156094,10
"T,,7,",SNOW,2017-03-03T00:00:00,GHCND:USC00156094,0
"T,,7,",SNWD,2017-03-03T00:00:00,GHCND:USC00156094,0
",,N,",PRCP,2017-03-04T00:00:00,GHCND:US1KYDV0003,0
",,N,",SNOW,2017-03-04T00:00:00,GHCND:US1KYDV0003,0
",,N,",PRCP,2017-03-04T00:00:00,GHCND:US1KYDV0006,0
",,N,",SNOW,2017-03-04T00:00:00,GHCND:US1KYDV0006,0
",,7,0600",PRCP,2017-03-04T00:00:00,GHCND:USC00156094,0
",,N,",PRCP,2017-03-05T00:00:00,GHCND:US1KYDV0003,0
",,N,",SNOW,2017-03-05T00:00:00,GHCND:US1KYDV0003,0
",,N,",PRCP,2017-03-05T00:00:00,GHCND:US1KYDV0006,0
",,N,",SNOW,2017-03-05T00:00:00,GHCND:US1KYDV0006,0
",,7,0600",PRCP,2017-03-05T00:00:00,GHCND:USC00156094,0
",,N,",PRCP,2017-03-06T00:00:00,GHCND:US1KYDV0003,0
",,N,",SNOW,2017-03-06T00:00:00,GHCND:US1KYDV0003,0
",,N,",PRCP,2017-03-06T00:00:00,GHCND:US1KYDV0006,10
",,N,",PRCP,2017-03-06T00:00:00,GHCND:US1KYDV0007,33
",,7,0600",PRCP,2017-03-06T00:00:00,GHCND:USC00156094,33
",,N,",PRCP,2017-03-07T00:00:00,GHCND:US1KYDV0003,152
",,N,",PRCP,2017-03-07T00:00:00,GHCND:US1KYDV0006,64
",,N,",PRCP,2017-03-07T00:00:00,GHCND:US1KYDV0007,157
",,7,0600",PRCP,2017-03-07T00:00:00,GHCND:USC00156094,178
",,N,",PRCP,2017-03-08T00:00:00,GHCND:US1KYDV0003,89
",,N,",PRCP,2017-03-08T00:00:00,GHCND:US1KYDV0006,208
",,N,",PRCP,2017-03-08T00:00:00,GHCND:US1KYDV0007,104
",,7,0600",PRCP,2017-03-08T00:00:00,GHCND:USC00156094,119
",,N,",PRCP,2017-03-09T00:00:00,GHCND:US1KYDV0003,0
",,N,",SNOW,2017-03-09T00:00:00,GHCND:US1KYDV0003,0
",,N,",PRCP,2017-03-09T00:00:00,GHCND:US1KYDV0006,0
",,N,",SNOW,2017-03-09T00:00:00,GHCND:US1KYDV0006,0
",,7,0600",PRCP,2017-03-09T00:00:00,GHCND:USC00156094,0
",,N,",PRCP,2017-03-10T00:00:00,GHCND:US1KYDV0003,0
",,N,",SNOW,2017-03-10T00:00:00,GHCND:US1KYDV0003,0
",,N,",PRCP,2017-03-10T00:00:00,GHCND:US1KYDV0006,0
",,N,",SNOW,2017-03-10T00:00:00,GHCND:US1KYDV0006,0
",,7,0600",PRCP,2017-03-10T00:00:00,GHCND:USC00156094,0
",,N,",PRCP,2017-03-11T00:00:00,GHCND:US1KYDV0003,0
",,N,",SNOW,2017-03-11T00:00:00,GHCND:US1KYDV0003,0
",,N,",PRCP,2017-03-11T00:00:00,GHCND:US1KYDV0006,0
",,N,",SNOW,2017-03-11T00:00:00,GHCND:US1KYDV0006,0
",,7,0600",PRCP,2017-03-11T00:00:00,GHCND:USC00156094,0
",,N,",PRCP,2017-03-12T00:00:00,GHCND:US1KYDV0003,0
",,N,",SNOW,2017-03-12T00:00:00,GHCND:US1KYDV0003,0
",,N,",PRCP,2017-03-12T00:00:00,GHCND:US1KYDV0006,0
",,N,",SNOW,2017-03-12T00:00:00,GHCND:US1KYDV0006,0
",,7,0600",PRCP,2017-03-12T00:00:00,GHCND:USC00156094,0
",,N,",PRCP,2017-03-13T00:00:00,GHCND:US1KYDV0003,0
",,N,",SNOW,2017-03-13T00:00:00,GHCND:US1KYDV0003,0
",,N,",PRCP,2017-03-13T00:00:00,GHCND:US1KYDV0006,0
",,N,",SNOW,2017-03-13T00:00:00,GHCND:US1KYDV0006,0
",,7,0600",PRCP,2017-03-13T00:00:00,GHCND:USC00156094,0
",,N,",PRCP,2017-03-14T00:00:00,GHCND:US1KYDV0003,51
",,N,",PRCP,2017-03-14T00:00:00,GHCND:US1KYDV0006,48
",,7,0600",PRCP,2017-03-14T00:00:00,GHCND:USC00156094,36
"T,,7,",SNOW,2017-03-14T00:00:00,GHCND:USC00156094,0
",,7,",SNWD,2017-03-14T00:00:00,GHCND:USC00156094,0
",,N,",PRCP,2017-03-15T00:00:00,GHCND:US1KYDV0003,0
",,N,",SNOW,2017-03-15T00:00:00,GHCND:US1KYDV0003,0
",,N,",PRCP,2017-03-15T00:00:00,GHCND:US1KYDV0006,0
",,N,",SNOW,2017-03-15T00:00:00,GHCND:US1KYDV0006,0
",,7,0600",PRCP,2017-03-15T00:00:00,GHCND:USC00156094,0
",,N,",PRCP,2017-03-16T00:00:00,GHCND:US1KYDV0003,0
",,N,",SNOW,2017-03-16T00:00:00,GHCND:US1KYDV0003,0
",,N,",PRCP,2017-03-16T00:00:00,GHCND:US1KYDV0006,0
",,N,",SNOW,2017-03-16T00:00:00,GHCND:US1KYDV0006,0
",,7,0600",PRCP,2017-03-16T00:00:00,GHCND:USC00156094,0
",,N,",PRCP,2017-03-17T00:00:00,GHCND:US1KYDV0003,0
",,N,",SNOW,2017-03-17T00:00:00,GHCND:US1KYDV0003,0
"T,,N,",PRCP,2017-03-17T00:00:00,GHCND:US1KYDV0006,0
",,7,0600",PRCP,2017-03-17T00:00:00,GHCND:USC00156094,0
",,N,",PRCP,2017-03-18T00:00:00,GHCND:US1KYDV0003,25
",,N,",PRCP,2017-03-18T00:00:00,GHCND:US1KYDV0006,28
",,7,0600",PRCP,2017-03-18T00:00:00,GHCND:USC00156094,58
",,N,",PRCP,2017-03-19T00:00:00,GHCND:US1KYDV0003,0
",,N,",SNOW,2017-03-19T00:00:00,GHCND:US1KYDV0003,0
",,N,",PRCP,2017-03-19T00:00:00,GHCND:US1KYDV0006,0
",,N,",SNOW,2017-03-19T00:00:00,GHCND:US1KYDV0006,0
",,7,0600",PRCP,2017-03-19T00:00:00,GHCND:USC00156094,0
",,N,",PRCP,2017-03-20T00:00:00,GHCND:US1KYDV0003,0
",,N,",SNOW,2017-03-20T00:00:00,GHCND:US1KYDV0003,0
",,N,",PRCP,2017-03-20T00:00:00,GHCND:US1KYDV0006,0
",,N,",SNOW,2017-03-20T00:00:00,GHCND:US1KYDV0006,0
",,7,0600",PRCP,2017-03-20T00:00:00,GHCND:USC00156094,0
",,N,",PRCP,2017-03-21T00:00:00,GHCND:US1KYDV0003,0
",,N,",SNOW,2017-03-21T00:00:00,GHCND:US1KYDV0003,0
",,N,",PRCP,2017-03-21T00:00:00,GHCND:US1KYDV0006,0
",,N,",SNOW,2017-03-21T00:00:00,GHCND:US1KYDV0006,0
",,7,0600",PRCP,2017-03-21T00:00:00,GHCND:USC00156094,0
",,N,",PRCP,2017-03-22T00:00:00,GHCND:US1KYDV0003,0
",,N,",SNOW,2017-03-22T00:00:00,GHCND:US1KYDV0003,0
",,N,",PRCP,2017-03-22T00:00:00,GHCND:US1KYDV0006,0
",,N,",SNOW,2017-03-22T00:00:00,GHCND:US1KYDV0006,0
",,7,0600",PRCP,2017-03-22T00:00:00,GHCND:USC00156094,0
",,N,",PRCP,2017-03-23T00:00:00,GHCND:US1KYDV0003,0
",,N,",SNOW,2017-03-23T00:00:00,GHCND:US1KYDV0003,0
",,N,",PRCP,2017-03-23T00:00:00,GHCND:US1KYDV0006,0
",,N,",SNOW,2017-03-23T00:00:00,GHCND:US1KYDV0006,0
",,7,0600",PRCP,2017-03-23T00:00:00,GHCND:USC00156094,0
",,N,",PRCP,2017-03-24T00:00:00,GHCND:US1KYDV0003,13
",,N,",PRCP,2017-03-24T00:00:00,GHCND:US1KYDV0006,15
",,7,0600",PRCP,2017-03-24T00:00:00,GHCND:USC00156094,13
",,N,",PRCP,2017-03-25T00:00:00,GHCND:US1KYDV0003,0
",,N,",SNOW,2017-03-25T00:00:00,GHCND:US1KYDV0003,0
",,7,0600",PRCP,2017-03-25T00:00:00,GHCND:USC00156094,0
",,N,",PRCP,2017-03-26T00:00:00,GHCND:US1KYDV0003,51
",,7,0600",PRCP,2017-03-26T00:00:00,GHCND:USC00156094,23
",,N,",PRCP,2017-03-27T00:00:00,GHCND:US1KYDV0003,51
",,7,0600",PRCP,2017-03-27T00:00:00,GHCND:USC00156094,15
",,N,",PRCP,2017-03-28T00:00:00,GHCND:US1KYDV0003,81
",,N,",PRCP,2017-03-28T00:00:00,GHCND:US1KYDV0007,86
",,7,0600",PRCP,2017-03-28T00:00:00,GHCND:USC00156094,81
",,N,",PRCP,2017-03-29T00:00:00,GHCND:US1KYDV0003,0
",,N,",SNOW,2017-03-29T00:00:00,GHCND:US1KYDV0003,0
",,N,",PRCP,2017-03-29T00:00:00,GHCND:US1KYDV0007,0
",,7,0600",PRCP,2017-03-29T00:00:00,GHCND:USC00156094,0
",,N,",PRCP,2017-03-30T00:00:00,GHCND:US1KYDV0003,0
",,N,",SNOW,2017-03-30T00:00:00,GHCND:US1KYDV0003,0
",,7,0600",PRCP,2017-03-30T00:00:00,GHCND:USC00156094,0
",,N,",PRCP,2017-03-31T00:00:00,GHCND:US1KYDV0003,152
",,7,0600",PRCP,2017-03-31T00:00:00,GHCND:USC00156094,191
",,N,",PRCP,2017-04-01T00:00:00,GHCND:US1KYDV0003,0
",,N,",SNOW,2017-04-01T00:00:00,GHCND:US1KYDV0003,0
",,7,0600",PRCP,2017-04-01T00:00:00,GHCND:USC00156094,0
",,N,",PRCP,2017-04-02T00:00:00,GHCND:US1KYDV0003,0
",,N,",SNOW,2017-04-02T00:00:00,GHCND:US1KYDV0003,0
",,N,",PRCP,2017-04-02T00:00:00,GHCND:US1KYDV0006,0
",,N,",SNOW,2017-04-02T00:00:00,GHCND:US1KYDV0006,0
",,7,0600",PRCP,2017-04-02T00:00:00,GHCND:USC00156094,0
",,N,",PRCP,2017-04-03T00:00:00,GHCND:US1KYDV0003,0
",,N,",SNOW,2017-04-03T00:00:00,GHCND:US1KYDV0003,0
",,N,",PRCP,2017-04-03T00:00:00,GHCND:US1KYDV0006,0
",,N,",SNOW,2017-04-03T00:00:00,GHCND:US1KYDV0006,0
",,7,0600",PRCP,2017-04-03T00:00:00,GHCND:USC00156094,0
",,N,",PRCP,2017-04-04T00:00:00,GHCND:US1KYDV0003,102
",,N,",PRCP,2017-04-04T00:00:00,GHCND:US1KYDV0006,122
",,7,0600",PRCP,2017-04-04T00:00:00,GHCND:USC00156094,145
",,N,",PRCP,2017-04-05T00:00:00,GHCND:US1KYDV0003,0
",,N,",SNOW,2017-04-05T00:00:00,GHCND:US1KYDV0003,0
",,N,",PRCP,2017-04-05T00:00:00,GHCND:US1KYDV0006,0
",,N,",SNOW,2017-04-05T00:00:00,GHCND:US1KYDV0006,0
",,7,0600",PRCP,2017-04-05T00:00:00,GHCND:USC00156094,0
",,N,",PRCP,2017-04-06T00:00:00,GHCND:US1KYDV0003,25
",,N,",PRCP,2017-04-06T00:00:00,GHCND:US1KYDV0006,38
",,7,0600",PRCP,2017-04-06T00:00:00,GHCND:USC00156094,38
",,N,",PRCP,2017-04-07T00:00:00,GHCND:US1KYDV0003,0
",,N,",SNOW,2017-04-07T00:00:00,GHCND:US1KYDV0003,0
",,N,",PRCP,2017-04-07T00:00:00,GHCND:US1KYDV0006,18
",,7,0600",PRCP,2017-04-07T00:00:00,GHCND:USC00156094,0
",,N,",PRCP,2017-04-08T00:00:00,GHCND:US1KYDV0003,0
",,N,",SNOW,2017-04-08T00:00:00,GHCND:US1KYDV0003,0
",,N,",PRCP,2017-04-08T00:00:00,GHCND:US1KYDV0006,0
",,N,",SNOW,2017-04-08T00:00:00,GHCND:US1KYDV0006,0
",,7,0600",PRCP,2017-04-08T00:00:00,GHCND:USC00156094,0
",,N,",PRCP,2017-04-09T00:00:00,GHCND:US1KYDV0003,0
",,N,",SNOW,2017-04-09T00:00:00,GHCND:US1KYDV0003,0
",,N,",PRCP,2017-04-09T00:00:00,GHCND:US1KYDV0006,0
",,N,",SNOW,2017-04-09T00:00:00,GHCND:US1KYDV0006,0
",,7,0600",PRCP,2017-04-09T00:00:00,GHCND:USC00156094,0
",,N,",PRCP,2017-04-10T00:00:00,GHCND:US1KYDV0003,0
",,N,",SNOW,2017-04-10T00:00:00,GHCND:US1KYDV0003,0
",,N,",PRCP,2017-04-10T00:00:00,GHCND:US1KYDV0006,0
",,N,",SNOW,2017-04-10T00:00:00,GHCND:US1KYDV0006,0
",,7,0600",PRCP,2017-04-10T00:00:00,GHCND:USC00156094,0
",,N,",PRCP,2017-04-11T00:00:00,GHCND:US1KYDV0003,13
",,N,",PRCP,2017-04-11T00:00:00,GHCND:US1KYDV0006,0
",,N,",SNOW,2017-04-11T00:00:00,GHCND:US1KYDV0006,0
",,N,",PRCP,2017-04-11T00:00:00,GHCND:US1KYDV0007,41
",,7,0600",PRCP,2017-04-11T00:00:00,GHCND:USC00156094,8
",,N,",PRCP,2017-04-12T00:00:00,GHCND:US1KYDV0003,64
",,N,",PRCP,2017-04-12T00:00:00,GHCND:US1KYDV0006,56
",,7,0600",PRCP,2017-04-12T00:00:00,GHCND:USC00156094,30
",,N,",PRCP,2017-04-13T00:00:00,GHCND:US1KYDV0003,0
",,N,",SNOW,2017-04-13T00:00:00,GHCND:US1KYDV0003,0
",,N,",PRCP,2017-04-13T00:00:00,GHCND:US1KYDV0006,0
",,N,",SNOW,2017-04-13T00:00:00,GHCND:US1KYDV0006,0
",,7,0600",PRCP,2017-04-13T00:00:00,GHCND:USC00156094,0
",,N,",PRCP,2017-04-14T00:00:00,GHCND:US1KYDV0003,0
",,N,",SNOW,2017-04-14T00:00:00,GHCND:US1KYDV0003,0
",,N,",PRCP,2017-04-14T00:00:00,GHCND:US1KYDV0006,0
",,N,",SNOW,2017-04-14T00:00:00,GHCND:US1KYDV0006,0
",,7,0600",PRCP,2017-04-14T00:00:00,GHCND:USC00156094,0
",,N,",PRCP,2017-04-15T00:00:00,GHCND:US1KYDV0003,0
",,N,",SNOW,2017-04-15T00:00:00,GHCND:US1KYDV0003,0
",,N,",PRCP,2017-04-15T00:00:00,GHCND:US1KYDV0006,0
",,N,",SNOW,2017-04-15T00:00:00,GHCND:US1KYDV0006,0
",,7,0600",PRCP,2017-04-15T00:00:00,GHCND:USC00156094,0
",,N,",PRCP,2017-04-16T00:00:00,GHCND:US1KYDV0003,0
",,N,",SNOW,2017-04-16T00:00:00,GHCND:US1KYDV0003,0
",,N,",PRCP,2017-04-16T00:00:00,GHCND:US1KYDV0006,0
",,N,",SNOW,2017-04-16T00:00:00,GHCND:US1KYDV0006,0
",,7,0600",PRCP,2017-04-16T00:00:00,GHCND:USC00156094,0
",,N,",PRCP,2017-04-17T00:00:00,GHCND:US1KYDV0003,229
",,N,",PRCP,2017-04-17T00:00:00,GHCND:US1KYDV0006,320
",,N,",PRCP,2017-04-17T00:00:00,GHCND:US1KYDV0007,330
",,7,0600",PRCP,2017-04-17T00:00:00,GHCND:USC00156094,193
",,N,",PRCP,2017-04-18T00:00:00,GHCND:US1KYDV0003,0
",,N,",SNOW,2017-04-18T00:00:00,GHCND:US1KYDV0003,0
",,N,",PRCP,2017-04-18T00:00:00,GHCND:US1KYDV0006,23
",,N,",PRCP,2017-04-18T00:00:00,GHCND:US1KYDV0007,8
",,7,0600",PRCP,2017-04-18T00:00:00,GHCND:USC00156094,0
",,N,",PRCP,2017-04-19T00:00:00,GHCND:US1KYDV0003,0
",,N,",SNOW,2017-04-19T00:00:00,GHCND:US1KYDV0003,0
",,N,",PRCP,2017-04-19T00:00:00,GHCND:US1KYDV0006,0
",,N,",SNOW,2017-04-19T00:00:00,GHCND:US1KYDV0006,0
",,7,0600",PRCP,2017-04-19T00:00:00,GHCND:USC00156094,3
",,N,",PRCP,2017-04-20T00:00:00,GHCND:US1KYDV0003,0
",,N,",SNOW,2017-04-20T00:00:00,GHCND:US1KYDV0003,0
",,N,",PRCP,2017-04-20T00:00:00,GHCND:US1KYDV0006,8
",,7,0600",PRCP,2017-04-20T00:00:00,GHCND:USC00156094,0
",,N,",PRCP,2017-04-21T00:00:00,GHCND:US1KYDV0003,152
",,N,",PRCP,2017-04-21T00:00:00,GHCND:US1KYDV0006,84
",,7,0600",PRCP,2017-04-21T00:00:00,GHCND:USC00156094,3
",,N,",PRCP,2017-04-22T00:00:00,GHCND:US1KYDV0003,249
",,N,",PRCP,2017-04-22T00:00:00,GHCND:US1KYDV0007,318
",,7,0600",PRCP,2017-04-22T00:00:00,GHCND:USC00156094,251
",,N,",PRCP,2017-04-23T00:00:00,GHCND:US1KYDV0003,64
",,N,",PRCP,2017-04-23T00:00:00,GHCND:US1KYDV0007,53
",,7,0600",PRCP,2017-04-23T00:00:00,GHCND:USC00156094,43
",,N,",PRCP,2017-04-24T00:00:00,GHCND:US1KYDV0003,64
",,N,",PRCP,2017-04-24T00:00:00,GHCND:US1KYDV0006,0
",,N,",SNOW,2017-04-24T00:00:00,GHCND:US1KYDV0006,0
",,N,",PRCP,2017-04-24T00:00:00,GHCND:US1KYDV0007,0
",,7,0600",PRCP,2017-04-24T00:00:00,GHCND:USC00156094,0
",,N,",PRCP,2017-04-25T00:00:00,GHCND:US1KYDV0003,0
",,N,",SNOW,2017-04-25T00:00:00,GHCND:US1KYDV0003,0
",,N,",PRCP,2017-04-25T00:00:00,GHCND:US1KYDV0006,0
",,N,",SNOW,2017-04-25T00:00:00,GHCND:US1KYDV0006,0
",,7,0600",PRCP,2017-04-25T00:00:00,GHCND:USC00156094,0
",,N,",PRCP,2017-04-26T00:00:00,GHCND:US1KYDV0003,0
",,N,",SNOW,2017-04-26T00:00:00,GHCND:US1KYDV0003,0
",,N,",PRCP,2017-04-26T00:00:00,GHCND:US1KYDV0006,0
",,N,",SNOW,2017-04-26T00:00:00,GHCND:US1KYDV0006,0
",,7,0600",PRCP,2017-04-26T00:00:00,GHCND:USC00156094,0
",,N,",PRCP,2017-04-27T00:00:00,GHCND:US1KYDV0003,89
",,N,",PRCP,2017-04-27T00:00:00,GHCND:US1KYDV0006,61
",,N,",PRCP,2017-04-27T00:00:00,GHCND:US1KYDV0007,81
",,7,0600",PRCP,2017-04-27T00:00:00,GHCND:USC00156094,74
",,N,",PRCP,2017-04-28T00:00:00,GHCND:US1KYDV0003,0
",,N,",SNOW,2017-04-28T00:00:00,GHCND:US1KYDV0003,0
",,N,",PRCP,2017-04-28T00:00:00,GHCND:US1KYDV0006,0
",,N,",SNOW,2017-04-28T00:00:00,GHCND:US1KYDV0006,0
",,7,0600",PRCP,2017-04-28T00:00:00,GHCND:USC00156094,0
",,N,",PRCP,2017-04-29T00:00:00,GHCND:US1KYDV0003,0
",,N,",SNOW,2017-04-29T00:00:00,GHCND:US1KYDV0003,0
",,N,",PRCP,2017-04-29T00:00:00,GHCND:US1KYDV0006,8
",,7,0600",PRCP,2017-04-29T00:00:00,GHCND:USC00156094,23
",,N,",PRCP,2017-04-30T00:00:00,GHCND:US1KYDV0003,0
",,N,",SNOW,2017-04-30T00:00:00,GHCND:US1KYDV0003,0
",,N,",PRCP,2017-04-30T00:00:00,GHCND:US1KYDV0006,0
",,N,",SNOW,2017-04-30T00:00:00,GHCND:US1KYDV0006,0
",,7,0600",PRCP,2017-04-30T00:00:00,GHCND:USC00156094,3
",,N,",PRCP,2017-05-01T00:00:00,GHCND:US1KYDV0003,64
",,N,",PRCP,2017-05-01T00:00:00,GHCND:US1KYDV0006,104
",,N,",PRCP,2017-05-01T00:00:00,GHCND:US1KYDV0007,107
",,7,0600",PRCP,2017-05-01T00:00:00,GHCND:USC00156094,84
",,N,",PRCP,2017-05-02T00:00:00,GHCND:US1KYDV0003,0
",,N,",SNOW,2017-05-02T00:00:00,GHCND:US1KYDV0003,0
",,N,",PRCP,2017-05-02T00:00:00,GHCND:US1KYDV0006,0
",,N,",SNOW,2017-05-02T00:00:00,GHCND:US1KYDV0006,0
",,7,0600",PRCP,2017-05-02T00:00:00,GHCND:USC00156094,0
",,N,",PRCP,2017-05-03T00:00:00,GHCND:US1KYDV0003,0
",,N,",SNOW,2017-05-03T00:00:00,GHCND:US1KYDV0003,0
",,N,",PRCP,2017-05-03T00:00:00,GHCND:US1KYDV0006,0
",,N,",SNOW,2017-05-03T00:00:00,GHCND:US1KYDV0006,0
",,7,0600",PRCP,2017-05-03T00:00:00,GHCND:USC00156094,0
",,N,",PRCP,2017-05-04T00:00:00,GHCND:US1KYDV0003,89
",,N,",PRCP,2017-05-04T00:00:00,GHCND:US1KYDV0006,0
",,N,",SNOW,2017-05-04T00:00:00,GHCND:US1KYDV0006,0
",,N,",PRCP,2017-05-04T00:00:00,GHCND:US1KYDV0007,58
",,7,0600",PRCP,2017-05-04T00:00:00,GHCND:USC00156094,69
",,N,",PRCP,2017-05-05T00:00:00,GHCND:US1KYDV0003,305
",,N,",PRCP,2017-05-05T00:00:00,GHCND:US1KYDV0007,483
",,7,0600",PRCP,2017-05-05T00:00:00,GHCND:USC00156094,414
",,N,",PRCP,2017-05-06T00:00:00,GHCND:US1KYDV0003,241
",,7,0600",PRCP,2017-05-06T00:00:00,GHCND:USC00156094,216
",,N,",PRCP,2017-05-07T00:00:00,GHCND:US1KYDV0003,0
",,N,",SNOW,2017-05-07T00:00:00,GHCND:US1KYDV0003,0
"T,,N,",PRCP,2017-05-07T00:00:00,GHCND:US1KYDV0006,0
",,7,0600",PRCP,2017-05-07T00:00:00,GHCND:USC00156094,0
",,N,",PRCP,2017-05-08T00:00:00,GHCND:US1KYDV0003,0
",,N,",SNOW,2017-05-08T00:00:00,GHCND:US1KYDV0003,0
",,N,",PRCP,2017-05-08T00:00:00,GHCND:US1KYDV0006,0
",,N,",SNOW,2017-05-08T00:00:00,GHCND:US1KYDV0006,0
",,N,",PRCP,2017-05-08T00:00:00,GHCND:US1KYDV0007,0
",,N,",PRCP,2017-05-09T00:00:00,GHCND:US1KYDV0003,0
",,N,",SNOW,2017-05-09T00:00:00,GHCND:US1KYDV0003,0
",,N,",PRCP,2017-05-09T00:00:00,GHCND:US1KYDV0006,0
",,N,",SNOW,2017-05-09T00:00:00,GHCND:US1KYDV0006,0
",,N,",PRCP,2017-05-09T00:00:00,GHCND:US1KYDV0007,0
",,N,",PRCP,2017-05-10T00:00:00,GHCND:US1KYDV0003,0
",,N,",SNOW,2017-05-10T00:00:00,GHCND:US1KYDV0003,0
",,N,",PRCP,2017-05-10T00:00:00,GHCND:US1KYDV0006,0
",,N,",SNOW,2017-05-10T00:00:00,GHCND:US1KYDV0006,0
",,N,",PRCP,2017-05-10T00:00:00,GHCND:US1KYDV0007,0
",,N,",PRCP,2017-05-11T00:00:00,GHCND:US1KYDV0003,0
",,N,",SNOW,2017-05-11T00:00:00,GHCND:US1KYDV0003,0
",,N,",PRCP,2017-05-11T00:00:00,GHCND:US1KYDV0006,0
",,N,",SNOW,2017-05-11T00:00:00,GHCND:US1KYDV0006,0
"T,,N,",PRCP,2017-05-11T00:00:00,GHCND:US1KYDV0007,0
",,N,",PRCP,2017-05-12T00:00:00,GHCND:US1KYDV0003,25
"T,,N,",PRCP,2017-05-12T00:00:00,GHCND:US1KYDV0006,0
",,7,",DAPR,2017-05-12T00:00:00,GHCND:USC00156094,4
",,7,",MDPR,2017-05-12T00:00:00,GHCND:USC00156094,38
",,N,",PRCP,2017-05-13T00:00:00,GHCND:US1KYDV0003,53
",,N,",PRCP,2017-05-13T00:00:00,GHCND:US1KYDV0006,69
",,7,0600",PRCP,2017-05-13T00:00:00,GHCND:USC00156094,30
",,N,",PRCP,2017-05-14T00:00:00,GHCND:US1KYDV0003,0
",,N,",SNOW,2017-05-14T00:00:00,GHCND:US1KYDV0003,0
",,N,",PRCP,2017-05-14T00:00:00,GHCND:US1KYDV0006,0
",,N,",SNOW,2017-05-14T00:00:00,GHCND:US1KYDV0006,0
",,7,0600",PRCP,2017-05-14T00:00:00,GHCND:USC00156094,0
",,N,",PRCP,2017-05-15T00:00:00,GHCND:US1KYDV0003,0
",,N,",SNOW,2017-05-15T00:00:00,GHCND:US1KYDV0003,0
",,N,",PRCP,2017-05-15T00:00:00,GHCND:US1KYDV0006,0
",,N,",SNOW,2017-05-15T00:00:00,GHCND:US1KYDV0006,0
",,7,0600",PRCP,2017-05-15T00:00:00,GHCND:USC00156094,0
",,N,",PRCP,2017-05-16T00:00:00,GHCND:US1KYDV0003,0
",,N,",SNOW,2017-05-16T00:00:00,GHCND:US1KYDV0003,0
",,N,",PRCP,2017-05-16T00:00:00,GHCND:US1KYDV0006,0
",,N,",SNOW,2017-05-16T00:00:00,GHCND:US1KYDV0006,0
",,7,0600",PRCP,2017-05-16T00:00:00,GHCND:USC00156094,0
",,N,",PRCP,2017-05-17T00:00:00,GHCND:US1KYDV0003,0
",,N,",SNOW,2017-05-17T00:00:00,GHCND:US1KYDV0003,0
",,N,",PRCP,2017-05-17T00:00:00,GHCND:US1KYDV0006,0
",,N,",SNOW,2017-05-17T00:00:00,GHCND:US1KYDV0006,0
",,7,0600",PRCP,2017-05-17T00:00:00,GHCND:USC00156094,0
",,N,",PRCP,2017-05-18T00:00:00,GHCND:US1KYDV0003,0
",,N,",SNOW,2017-05-18T00:00:00,GHCND:US1KYDV0003,0
",,N,",PRCP,2017-05-18T00:00:00,GHCND:US1KYDV0006,0
",,N,",SNOW,2017-05-18T00:00:00,GHCND:US1KYDV0006,0
",,7,0600",PRCP,2017-05-18T00:00:00,GHCND:USC00156094,0
",,N,",PRCP,2017-05-19T00:00:00,GHCND:US1KYDV0003,13
",,N,",PRCP,2017-05-19T00:00:00,GHCND:US1KYDV0006,0
",,N,",SNOW,2017-05-19T00:00:00,GHCND:US1KYDV0006,0
",,7,0600",PRCP,2017-05-19T00:00:00,GHCND:USC00156094,0
",,N,",PRCP,2017-05-20T00:00:00,GHCND:US1KYDV0003,48
",,N,",PRCP,2017-05-20T00:00:00,GHCND:US1KYDV0006,0
",,N,",SNOW,2017-05-20T00:00:00,GHCND:US1KYDV0006,0
",,7,0600",PRCP,2017-05-20T00:00:00,GHCND:USC00156094,8
",,N,",PRCP,2017-05-21T00:00:00,GHCND:US1KYDV0003,178
",,N,",PRCP,2017-05-21T00:00:00,GHCND:US1KYDV0006,137
",,7,0600",PRCP,2017-05-21T00:00:00,GHCND:USC00156094,84
",,N,",PRCP,2017-05-22T00:00:00,GHCND:US1KYDV0003,0
",,N,",SNOW,2017-05-22T00:00:00,GHCND:US1KYDV0003,0
",,N,",PRCP,2017-05-22T00:00:00,GHCND:US1KYDV0006,20
",,7,0600",PRCP,2017-05-22T00:00:00,GHCND:USC00156094,0
",,N,",PRCP,2017-05-23T00:00:00,GHCND:US1KYDV0003,0
",,N,",SNOW,2017-05-23T00:00:00,GHCND:US1KYDV0003,0
",,N,",PRCP,2017-05-23T00:00:00,GHCND:US1KYDV0006,0
",,N,",SNOW,2017-05-23T00:00:00,GHCND:US1KYDV0006,0
",,7,0600",PRCP,2017-05-23T00:00:00,GHCND:USC00156094,0
",,N,",PRCP,2017-05-24T00:00:00,GHCND:US1KYDV0003,178
"T,,N,",PRCP,2017-05-24T00:00:00,GHCND:US1KYDV0006,0
",,7,0600",PRCP,2017-05-24T00:00:00,GHCND:USC00156094,28
",,N,",PRCP,2017-05-25T00:00:00,GHCND:US1KYDV0003,254
",,N,",PRCP,2017-05-25T00:00:00,GHCND:US1KYDV0006,279
",,7,0600",PRCP,2017-05-25T00:00:00,GHCND:USC00156094,284
",,N,",PRCP,2017-05-26T00:00:00,GHCND:US1KYDV0003,0
",,N,",SNOW,2017-05-26T00:00:00,GHCND:US1KYDV0003,0
",,N,",PRCP,2017-05-26T00:00:00,GHCND:US1KYDV0006,0
",,N,",SNOW,2017-05-26T00:00:00,GHCND:US1KYDV0006,0
",,7,0600",PRCP,2017-05-26T00:00:00,GHCND:USC00156094,0
",,N,",PRCP,2017-05-27T00:00:00,GHCND:US1KYDV0003,0
",,N,",SNOW,2017-05-27T00:00:00,GHCND:US1KYDV0003,0
",,N,",PRCP,2017-05-27T00:00:00,GHCND:US1KYDV0006,0
",,N,",SNOW,2017-05-27T00:00:00,GHCND:US1KYDV0006,0
",,N,",PRCP,2017-05-27T00:00:00,GHCND:US1KYDV0009,0
"T,,7,0600",PRCP,2017-05-27T00:00:00,GHCND:USC00156094,0
",,N,",PRCP,2017-05-28T00:00:00,GHCND:US1KYDV0003,13
",,N,",PRCP,2017-05-28T00:00:00,GHCND:US1KYDV0006,132
",,N,",PRCP,2017-05-28T00:00:00,GHCND:US1KYDV0009,86
",,7,0600",PRCP,2017-05-28T00:00:00,GHCND:USC00156094,36
",,N,",PRCP,2017-05-29T00:00:00,GHCND:US1KYDV0003,0
",,N,",SNOW,2017-05-29T00:00:00,GHCND:US1KYDV0003,0
"T,,N,",PRCP,2017-05-29T00:00:00,GHCND:US1KYDV0006,0
",,N,",PRCP,2017-05-29T00:00:00,GHCND:US1KYDV0009,46
",,7,0600",PRCP,2017-05-29T00:00:00,GHCND:USC00156094,33
",,N,",PRCP,2017-05-30T00:00:00,GHCND:US1KYDV0003,25
",,N,",PRCP,2017-05-30T00:00:00,GHCND:US1KYDV0006,18
",,N,",PRCP,2017-05-30T00:00:00,GHCND:US1KYDV0009,33
",,7,0600",PRCP,2017-05-30T00:00:00,GHCND:USC00156094,23
",,N,",PRCP,2017-05-31T00:00:00,GHCND:US1KYDV0003,5
"T,,N,",PRCP,2017-05-31T00:00:00,GHCND:US1KYDV0006,0
",,N,",PRCP,2017-05-31T00:00:00,GHCND:US1KYDV0009,3
",,7,0600",PRCP,2017-05-31T00:00:00,GHCND:USC00156094,3
",,N,",PRCP,2017-06-01T00:00:00,GHCND:US1KYDV0003,0
",,N,",SNOW,2017-06-01T00:00:00,GHCND:US1KYDV0003,0
",,N,",PRCP,2017-06-01T00:00:00,GHCND:US1KYDV0006,0
",,N,",SNOW,2017-06-01T00:00:00,GHCND:US1KYDV0006,0
",,N,",PRCP,2017-06-01T00:00:00,GHCND:US1KYDV0009,0
",,7,0600",PRCP,2017-06-01T00:00:00,GHCND:USC00156094,0
",,N,",PRCP,2017-06-02T00:00:00,GHCND:US1KYDV0003,0
",,N,",SNOW,2017-06-02T00:00:00,GHCND:US1KYDV0003,0
"T,,N,",PRCP,2017-06-02T00:00:00,GHCND:US1KYDV0006,0
",,N,",PRCP,2017-06-02T00:00:00,GHCND:US1KYDV0009,0
",,7,0600",PRCP,2017-06-02T00:00:00,GHCND:USC00156094,0
",,N,",PRCP,2017-06-03T00:00:00,GHCND:US1KYDV0003,0
",,N,",SNOW,2017-06-03T00:00:00,GHCND:US1KYDV0003,0
",,N,",PRCP,2017-06-03T00:00:00,GHCND:US1KYDV0006,0
",,N,",SNOW,2017-06-03T00:00:00,GHCND:US1KYDV0006,0
",,N,",PRCP,2017-06-03T00:00:00,GHCND:US1KYDV0009,0
",,7,0600",PRCP,2017-06-03T00:00:00,GHCND:USC00156094,0
",,N,",PRCP,2017-06-04T00:00:00,GHCND:US1KYDV0003,0
",,N,",SNOW,2017-06-04T00:00:00,GHCND:US1KYDV0003,0
",,N,",PRCP,2017-06-04T00:00:00,GHCND:US1KYDV0006,0
",,N,",SNOW,2017-06-04T00:00:00,GHCND:US1KYDV0006,0
",,N,",PRCP,2017-06-04T00:00:00,GHCND:US1KYDV0009,0
",,7,0600",PRCP,2017-06-04T00:00:00,GHCND:USC00156094,0
",,N,",PRCP,2017-06-05T00:00:00,GHCND:US1KYDV0003,152
",,N,",PRCP,2017-06-05T00:00:00,GHCND:US1KYDV0006,175
",,N,",PRCP,2017-06-05T00:00:00,GHCND:US1KYDV0009,46
",,7,0600",PRCP,2017-06-05T00:00:00,GHCND:USC00156094,51
",,N,",PRCP,2017-06-06T00:00:00,GHCND:US1KYDV0003,0
",,N,",SNOW,2017-06-06T00:00:00,GHCND:US1KYDV0003,0
",,N,",PRCP,2017-06-06T00:00:00,GHCND:US1KYDV0006,23
",,N,",PRCP,2017-06-06T00:00:00,GHCND:US1KYDV0009,18
",,7,0600",PRCP,2017-06-06T00:00:00,GHCND:USC00156094,20
",,N,",PRCP,2017-06-07T00:00:00,GHCND:US1KYDV0003,0
",,N,",SNOW,2017-06-07T00:00:00,GHCND:US1KYDV0003,0
",,N,",PRCP,2017-06-07T00:00:00,GHCND:US1KYDV0006,0
",,N,",SNOW,2017-06-07T00:00:00,GHCND:US1KYDV0006,0
",,N,",PRCP,2017-06-07T00:00:00,GHCND:US1KYDV0009,0
",,7,0600",PRCP,2017-06-07T00:00:00,GHCND:USC00156094,0
",,N,",PRCP,2017-06-08T00:00:00,GHCND:US1KYDV0003,0
",,N,",SNOW,2017-06-08T00:00:00,GHCND:US1KYDV0003,0
",,N,",PRCP,2017-06-08T00:00:00,GHCND:US1KYDV0006,0
",,N,",SNOW,2017-06-08T00:00:00,GHCND:US1KYDV0006,0
",,N,",PRCP,2017-06-08T00:00:00,GHCND:US1KYDV0009,0
",,7,0600",PRCP,2017-06-08T00:00:00,GHCND:USC00156094,0
",,N,",PRCP,2017-06-09T00:00:00,GHCND:US1KYDV0003,0
",,N,",SNOW,2017-06-09T00:00:00,GHCND:US1KYDV0003,0
",,N,",PRCP,2017-06-09T00:00:00,GHCND:US1KYDV0006,0
",,N,",SNOW,2017-06-09T00:00:00,GHCND:US1KYDV0006,0
",,N,",PRCP,2017-06-09T00:00:00,GHCND:US1KYDV0009,0
",,7,0600",PRCP,2017-06-09T00:00:00,GHCND:USC00156094,0
",,N,",PRCP,2017-06-10T00:00:00,GHCND:US1KYDV0003,0
",,N,",SNOW,2017-06-10T00:00:00,GHCND:US1KYDV0003,0
",,N,",PRCP,2017-06-10T00:00:00,GHCND:US1KYDV0006,0
",,N,",SNOW,2017-06-10T00:00:00,GHCND:US1KYDV0006,0
",,N,",PRCP,2017-06-10T00:00:00,GHCND:US1KYDV0009,0
",,7,0600",PRCP,2017-06-10T00:00:00,GHCND:USC00156094,0
",,N,",PRCP,2017-06-11T00:00:00,GHCND:US1KYDV0003,0
",,N,",SNOW,2017-06-11T00:00:00,GHCND:US1KYDV0003,0
",,N,",PRCP,2017-06-11T00:00:00,GHCND:US1KYDV0006,0
",,N,",SNOW,2017-06-11T00:00:00,GHCND:US1KYDV0006,0
",,N,",PRCP,2017-06-11T00:00:00,GHCND:US1KYDV0009,0
",,7,0600",PRCP,2017-06-11T00:00:00,GHCND:USC00156094,0
",,N,",PRCP,2017-06-12T00:00:00,GHCND:US1KYDV0003,0
",,N,",SNOW,2017-06-12T00:00:00,GHCND:US1KYDV0003,0
",,N,",PRCP,2017-06-12T00:00:00,GHCND:US1KYDV0006,0
",,N,",SNOW,2017-06-12T00:00:00,GHCND:US1KYDV0006,0
",,N,",PRCP,2017-06-12T00:00:00,GHCND:US1KYDV0009,0
",,7,0600",PRCP,2017-06-12T00:00:00,GHCND:USC00156094,0
",,N,",PRCP,2017-06-13T00:00:00,GHCND:US1KYDV0003,0
",,N,",SNOW,2017-06-13T00:00:00,GHCND:US1KYDV0003,0
",,N,",PRCP,2017-06-13T00:00:00,GHCND:US1KYDV0006,0
",,N,",SNOW,2017-06-13T00:00:00,GHCND:US1KYDV0006,0
",,N,",PRCP,2017-06-13T00:00:00,GHCND:US1KYDV0009,0
",,7,0600",PRCP,2017-06-13T00:00:00,GHCND:USC00156094,0
",,N,",PRCP,2017-06-14T00:00:00,GHCND:US1KYDV0003,0
",,N,",SNOW,2017-06-14T00:00:00,GHCND:US1KYDV0003,0
",,N,",PRCP,2017-06-14T00:00:00,GHCND:US1KYDV0006,0
",,N,",SNOW,2017-06-14T00:00:00,GHCND:US1KYDV0006,0
",,N,",PRCP,2017-06-14T00:00:00,GHCND:US1KYDV0009,0
",,7,0600",PRCP,2017-06-14T00:00:00,GHCND:USC00156094,0
",,N,",PRCP,2017-06-15T00:00:00,GHCND:US1KYDV0003,43
",,N,",PRCP,2017-06-15T00:00:00,GHCND:US1KYDV0006,61
",,N,",PRCP,2017-06-15T00:00:00,GHCND:US1KYDV0009,213
",,7,0600",PRCP,2017-06-15T00:00:00,GHCND:USC00156094,145
",,N,",PRCP,2017-06-16T00:00:00,GHCND:US1KYDV0003,0
",,N,",SNOW,2017-06-16T00:00:00,GHCND:US1KYDV0003,0
",,N,",PRCP,2017-06-16T00:00:00,GHCND:US1KYDV0006,0
",,N,",SNOW,2017-06-16T00:00:00,GHCND:US1KYDV0006,0
"T,,N,",PRCP,2017-06-16T00:00:00,GHCND:US1KYDV0009,0
",,7,0600",PRCP,2017-06-16T00:00:00,GHCND:USC00156094,0
",,N,",PRCP,2017-06-17T00:00:00,GHCND:US1KYDV0003,0
",,N,",SNOW,2017-06-17T00:00:00,GHCND:US1KYDV0003,0
",,N,",PRCP,2017-06-17T00:00:00,GHCND:US1KYDV0006,0
",,N,",SNOW,2017-06-17T00:00:00,GHCND:US1KYDV0006,0
",,N,",PRCP,2017-06-17T00:00:00,GHCND:US1KYDV0009,0
",,7,0600",PRCP,2017-06-17T00:00:00,GHCND:USC00156094,0
",,N,",PRCP,2017-06-18T00:00:00,GHCND:US1KYDV0003,0
",,N,",SNOW,2017-06-18T00:00:00,GHCND:US1KYDV0003,0
",,N,",PRCP,2017-06-18T00:00:00,GHCND:US1KYDV0006,0
",,N,",SNOW,2017-06-18T00:00:00,GHCND:US1KYDV0006,0
",,N,",PRCP,2017-06-18T00:00:00,GHCND:US1KYDV0009,10
",,7,0600",PRCP,2017-06-18T00:00:00,GHCND:USC00156094,74
",,N,",PRCP,2017-06-19T00:00:00,GHCND:US1KYDV0003,178
",,N,",PRCP,2017-06-19T00:00:00,GHCND:US1KYDV0006,277
",,N,",PRCP,2017-06-19T00:00:00,GHCND:US1KYDV0007,201
",,N,",PRCP,2017-06-19T00:00:00,GHCND:US1KYDV0009,38
",,7,0600",PRCP,2017-06-19T00:00:00,GHCND:USC00156094,71
",,N,",PRCP,2017-06-20T00:00:00,GHCND:US1KYDV0003,0
",,N,",SNOW,2017-06-20T00:00:00,GHCND:US1KYDV0003,0
",,N,",PRCP,2017-06-20T00:00:00,GHCND:US1KYDV0006,0
",,N,",SNOW,2017-06-20T00:00:00,GHCND:US1KYDV0006,0
",,N,",PRCP,2017-06-20T00:00:00,GHCND:US1KYDV0007,0
",,N,",PRCP,2017-06-20T00:00:00,GHCND:US1KYDV0009,0
",,7,0600",PRCP,2017-06-20T00:00:00,GHCND:USC00156094,0
",,N,",PRCP,2017-06-21T00:00:00,GHCND:US1KYDV0003,0
",,N,",SNOW,2017-06-21T00:00:00,GHCND:US1KYDV0003,0
",,N,",PRCP,2017-06-21T00:00:00,GHCND:US1KYDV0006,0
",,N,",SNOW,2017-06-21T00:00:00,GHCND:US1KYDV0006,0
",,N,",PRCP,2017-06-21T00:00:00,GHCND:US1KYDV0009,0
",,7,0600",PRCP,2017-06-21T00:00:00,GHCND:USC00156094,0
",,N,",PRCP,2017-06-22T00:00:00,GHCND:US1KYDV0003,0
",,N,",SNOW,2017-06-22T00:00:00,GHCND:US1KYDV0003,0
",,N,",PRCP,2017-06-22T00:00:00,GHCND:US1KYDV0006,0
",,N,",SNOW,2017-06-22T00:00:00,GHCND:US1KYDV0006,0
",,N,",PRCP,2017-06-22T00:00:00,GHCND:US1KYDV0009,0
",,7,0600",PRCP,2017-06-22T00:00:00,GHCND:USC00156094,0
",,N,",PRCP,2017-06-23T00:00:00,GHCND:US1KYDV0003,191
",,N,",PRCP,2017-06-23T00:00:00,GHCND:US1KYDV0007,277
",,N,",PRCP,2017-06-23T00:00:00,GHCND:US1KYDV0009,188
",,7,0600",PRCP,2017-06-23T00:00:00,GHCND:USC00156094,196
",,N,",PRCP,2017-06-24T00:00:00,GHCND:US1KYDV0003,191
",,N,",SNOW,2017-06-24T00:00:00,GHCND:US1KYDV0003,0
",,N,",PRCP,2017-06-24T00:00:00,GHCND:US1KYDV0009,150
",,7,0600",PRCP,2017-06-24T00:00:00,GHCND:USC00156094,147
",,N,",PRCP,2017-06-25T00:00:00,GHCND:US1KYDV0003,0
",,N,",SNOW,2017-06-25T00:00:00,GHCND:US1KYDV0003,0
",,N,",PRCP,2017-06-25T00:00:00,GHCND:US1KYDV0006,0
",,N,",SNOW,2017-06-25T00:00:00,GHCND:US1KYDV0006,0
",,N,",PRCP,2017-06-25T00:00:00,GHCND:US1KYDV0009,0
",,7,0600",PRCP,2017-06-25T00:00:00,GHCND:USC00156094,0
",,N,",PRCP,2017-06-26T00:00:00,GHCND:US1KYDV0003,0
",,N,",SNOW,2017-06-26T00:00:00,GHCND:US1KYDV0003,0
",,N,",PRCP,2017-06-26T00:00:00,GHCND:US1KYDV0006,0
",,N,",SNOW,2017-06-26T00:00:00,GHCND:US1KYDV0006,0
",,N,",PRCP,2017-06-26T00:00:00,GHCND:US1KYDV0007,0
",,N,",SNOW,2017-06-26T00:00:00,GHCND:US1KYDV0007,0
",,N,",PRCP,2017-06-26T00:00:00,GHCND:US1KYDV0009,0
",,7,0600",PRCP,2017-06-26T00:00:00,GHCND:USC00156094,0
",,N,",PRCP,2017-06-27T00:00:00,GHCND:US1KYDV0003,0
",,N,",SNOW,2017-06-27T00:00:00,GHCND:US1KYDV0003,0
",,N,",PRCP,2017-06-27T00:00:00,GHCND:US1KYDV0006,0
",,N,",SNOW,2017-06-27T00:00:00,GHCND:US1KYDV0006,0
",,N,",PRCP,2017-06-27T00:00:00,GHCND:US1KYDV0007,0
",,N,",SNOW,2017-06-27T00:00:00,GHCND:US1KYDV0007,0
",,N,",PRCP,2017-06-27T00:00:00,GHCND:US1KYDV0009,0
",,7,0600",PRCP,2017-06-27T00:00:00,GHCND:USC00156094,0
",,N,",PRCP,2017-06-28T00:00:00,GHCND:US1KYDV0003,0
",,N,",SNOW,2017-06-28T00:00:00,GHCND:US1KYDV0003,0
",,N,",PRCP,2017-06-28T00:00:00,GHCND:US1KYDV0006,0
",,N,",SNOW,2017-06-28T00:00:00,GHCND:US1KYDV0006,0
",,N,",PRCP,2017-06-28T00:00:00,GHCND:US1KYDV0007,0
",,N,",SNOW,2017-06-28T00:00:00,GHCND:US1KYDV0007,0
",,N,",PRCP,2017-06-28T00:00:00,GHCND:US1KYDV0009,0
",,7,0600",PRCP,2017-06-28T00:00:00,GHCND:USC00156094,0
",,N,",PRCP,2017-06-29T00:00:00,GHCND:US1KYDV0003,0
",,N,",SNOW,2017-06-29T00:00:00,GHCND:US1KYDV0003,0
",,N,",PRCP,2017-06-29T00:00:00,GHCND:US1KYDV0006,0
",,N,",SNOW,2017-06-29T00:00:00,GHCND:US1KYDV0006,0
",,N,",PRCP,2017-06-29T00:00:00,GHCND:US1KYDV0007,0
",,N,",SNOW,2017-06-29T00:00:00,GHCND:US1KYDV0007,0
",,N,",PRCP,2017-06-29T00:00:00,GHCND:US1KYDV0009,0
",,7,0600",PRCP,2017-06-29T00:00:00,GHCND:USC00156094,0
",,N,",PRCP,2017-06-30T00:00:00,GHCND:US1KYDV0003,0
",,N,",SNOW,2017-06-30T00:00:00,GHCND:US1KYDV0003,0
",,N,",PRCP,2017-06-30T00:00:00,GHCND:US1KYDV0006,0
",,N,",SNOW,2017-06-30T00:00:00,GHCND:US1KYDV0006,0
",,N,",PRCP,2017-06-30T00:00:00,GHCND:US1KYDV0007,8
",,N,",PRCP,2017-06-30T00:00:00,GHCND:US1KYDV0009,0
",,7,0600",PRCP,2017-06-30T00:00:00,GHCND:USC00156094,0
",,N,",PRCP,2017-07-01T00:00:00,GHCND:US1KYDV0003,0
",,N,",SNOW,2017-07-01T00:00:00,GHCND:US1KYDV0003,0
"T,,N,",PRCP,2017-07-01T00:00:00,GHCND:US1KYDV0006,0
",,N,",PRCP,2017-07-01T00:00:00,GHCND:US1KYDV0007,244
",,N,",PRCP,2017-07-01T00:00:00,GHCND:US1KYDV0009,188
",,7,0600",PRCP,2017-07-01T00:00:00,GHCND:USC00156094,127
",,N,",PRCP,2017-07-02T00:00:00,GHCND:US1KYDV0003,13
",,N,",PRCP,2017-07-02T00:00:00,GHCND:US1KYDV0006,0
",,N,",SNOW,2017-07-02T00:00:00,GHCND:US1KYDV0006,0
",,N,",PRCP,2017-07-02T00:00:00,GHCND:US1KYDV0007,79
",,N,",PRCP,2017-07-02T00:00:00,GHCND:US1KYDV0009,13
",,7,0600",PRCP,2017-07-02T00:00:00,GHCND:USC00156094,13
",,N,",PRCP,2017-07-03T00:00:00,GHCND:US1KYDV0003,0
",,N,",SNOW,2017-07-03T00:00:00,GHCND:US1KYDV0003,0
",,N,",PRCP,2017-07-03T00:00:00,GHCND:US1KYDV0006,0
",,N,",SNOW,2017-07-03T00:00:00,GHCND:US1KYDV0006,0
",,N,",PRCP,2017-07-03T00:00:00,GHCND:US1KYDV0009,0
",,7,0600",PRCP,2017-07-03T00:00:00,GHCND:USC00156094,0
",,N,",PRCP,2017-07-04T00:00:00,GHCND:US1KYDV0003,0
",,N,",SNOW,2017-07-04T00:00:00,GHCND:US1KYDV0003,0
",,N,",PRCP,2017-07-04T00:00:00,GHCND:US1KYDV0006,0
",,N,",SNOW,2017-07-04T00:00:00,GHCND:US1KYDV0006,0
",,N,",PRCP,2017-07-04T00:00:00,GHCND:US1KYDV0009,0
",,7,0600",PRCP,2017-07-04T00:00:00,GHCND:USC00156094,0
",,N,",PRCP,2017-07-05T00:00:00,GHCND:US1KYDV0003,0
",,N,",SNOW,2017-07-05T00:00:00,GHCND:US1KYDV0003,0
",,N,",PRCP,2017-07-05T00:00:00,GHCND:US1KYDV0006,0
",,N,",SNOW,2017-07-05T00:00:00,GHCND:US1KYDV0006,0
",,N,",PRCP,2017-07-05T00:00:00,GHCND:US1KYDV0009,0
",,7,0600",PRCP,2017-07-05T00:00:00,GHCND:USC00156094,0
",,N,",PRCP,2017-07-06T00:00:00,GHCND:US1KYDV0003,0
",,N,",SNOW,2017-07-06T00:00:00,GHCND:US1KYDV0003,0
",,N,",PRCP,2017-07-06T00:00:00,GHCND:US1KYDV0006,0
",,N,",SNOW,2017-07-06T00:00:00,GHCND:US1KYDV0006,0
"T,,N,",PRCP,2017-07-06T00:00:00,GHCND:US1KYDV0009,0
",,7,0600",PRCP,2017-07-06T00:00:00,GHCND:USC00156094,8
",,N,",PRCP,2017-07-07T00:00:00,GHCND:US1KYDV0003,140
",,N,",SNOW,2017-07-07T00:00:00,GHCND:US1KYDV0003,0
",,N,",PRCP,2017-07-07T00:00:00,GHCND:US1KYDV0006,307
",,N,",PRCP,2017-07-07T00:00:00,GHCND:US1KYDV0009,909
",,7,0600",PRCP,2017-07-07T00:00:00,GHCND:USC00156094,678
",,N,",PRCP,2017-07-08T00:00:00,GHCND:US1KYDV0003,145
",,N,",SNOW,2017-07-08T00:00:00,GHCND:US1KYDV0003,0
",,N,",PRCP,2017-07-08T00:00:00,GHCND:US1KYDV0006,107
",,N,",PRCP,2017-07-08T00:00:00,GHCND:US1KYDV0009,53
",,7,0600",PRCP,2017-07-08T00:00:00,GHCND:USC00156094,30
",,N,",PRCP,2017-07-09T00:00:00,GHCND:US1KYDV0003,0
",,N,",SNOW,2017-07-09T00:00:00,GHCND:US1KYDV0003,0
",,N,",PRCP,2017-07-09T00:00:00,GHCND:US1KYDV0006,0
",,N,",SNOW,2017-07-09T00:00:00,GHCND:US1KYDV0006,0
",,N,",PRCP,2017-07-09T00:00:00,GHCND:US1KYDV0009,0
",,7,0600",PRCP,2017-07-09T00:00:00,GHCND:USC00156094,0
",,N,",PRCP,2017-07-10T00:00:00,GHCND:US1KYDV0003,0
",,N,",SNOW,2017-07-10T00:00:00,GHCND:US1KYDV0003,0
",,N,",PRCP,2017-07-10T00:00:00,GHCND:US1KYDV0006,0
",,N,",SNOW,2017-07-10T00:00:00,GHCND:US1KYDV0006,0
",,N,",PRCP,2017-07-10T00:00:00,GHCND:US1KYDV0009,0
",,7,0600",PRCP,2017-07-10T00:00:00,GHCND:USC00156094,0
",,N,",PRCP,2017-07-11T00:00:00,GHCND:US1KYDV0003,0
",,N,",SNOW,2017-07-11T00:00:00,GHCND:US1KYDV0003,0
",,N,",PRCP,2017-07-11T00:00:00,GHCND:US1KYDV0006,0
",,N,",SNOW,2017-07-11T00:00:00,GHCND:US1KYDV0006,0
",,N,",PRCP,2017-07-11T00:00:00,GHCND:US1KYDV0009,0
",,7,0600",PRCP,2017-07-11T00:00:00,GHCND:USC00156094,0
",,N,",PRCP,2017-07-12T00:00:00,GHCND:US1KYDV0003,0
",,N,",SNOW,2017-07-12T00:00:00,GHCND:US1KYDV0003,0
",,N,",PRCP,2017-07-12T00:00:00,GHCND:US1KYDV0006,0
",,N,",SNOW,2017-07-12T00:00:00,GHCND:US1KYDV0006,0
",,N,",PRCP,2017-07-12T00:00:00,GHCND:US1KYDV0009,0
",,7,0600",PRCP,2017-07-12T00:00:00,GHCND:USC00156094,0
",,N,",PRCP,2017-07-13T00:00:00,GHCND:US1KYDV0003,0
",,N,",SNOW,2017-07-13T00:00:00,GHCND:US1KYDV0003,0
",,N,",PRCP,2017-07-13T00:00:00,GHCND:US1KYDV0006,0
",,N,",SNOW,2017-07-13T00:00:00,GHCND:US1KYDV0006,0
",,N,",PRCP,2017-07-13T00:00:00,GHCND:US1KYDV0009,0
",,7,0600",PRCP,2017-07-13T00:00:00,GHCND:USC00156094,0
",,N,",PRCP,2017-07-14T00:00:00,GHCND:US1KYDV0003,0
",,N,",SNOW,2017-07-14T00:00:00,GHCND:US1KYDV0003,0
",,N,",PRCP,2017-07-14T00:00:00,GHCND:US1KYDV0006,0
",,N,",SNOW,2017-07-14T00:00:00,GHCND:US1KYDV0006,0
",,N,",PRCP,2017-07-14T00:00:00,GHCND:US1KYDV0009,0
",,7,0600",PRCP,2017-07-14T00:00:00,GHCND:USC00156094,0
",,N,",PRCP,2017-07-15T00:00:00,GHCND:US1KYDV0003,0
",,N,",SNOW,2017-07-15T00:00:00,GHCND:US1KYDV0003,0
",,N,",PRCP,2017-07-15T00:00:00,GHCND:US1KYDV0006,8
",,N,",PRCP,2017-07-15T00:00:00,GHCND:US1KYDV0009,0
",,7,0600",PRCP,2017-07-15T00:00:00,GHCND:USC00156094,0
",,N,",PRCP,2017-07-16T00:00:00,GHCND:US1KYDV0003,0
",,N,",SNOW,2017-07-16T00:00:00,GHCND:US1KYDV0003,0
",,N,",PRCP,2017-07-16T00:00:00,GHCND:US1KYDV0006,0
",,N,",SNOW,2017-07-16T00:00:00,GHCND:US1KYDV0006,0
",,N,",PRCP,2017-07-16T00:00:00,GHCND:US1KYDV0009,0
",,7,0600",PRCP,2017-07-16T00:00:00,GHCND:USC00156094,0
",,N,",PRCP,2017-07-17T00:00:00,GHCND:US1KYDV0003,0
",,N,",SNOW,2017-07-17T00:00:00,GHCND:US1KYDV0003,0
",,N,",PRCP,2017-07-17T00:00:00,GHCND:US1KYDV0006,0
",,N,",SNOW,2017-07-17T00:00:00,GHCND:US1KYDV0006,0
",,N,",PRCP,2017-07-17T00:00:00,GHCND:US1KYDV0009,0
",,7,0600",PRCP,2017-07-17T00:00:00,GHCND:USC00156094,0
",,N,",PRCP,2017-07-18T00:00:00,GHCND:US1KYDV0003,0
",,N,",SNOW,2017-07-18T00:00:00,GHCND:US1KYDV0003,0
",,N,",PRCP,2017-07-18T00:00:00,GHCND:US1KYDV0006,0
",,N,",SNOW,2017-07-18T00:00:00,GHCND:US1KYDV0006,0
",,N,",PRCP,2017-07-18T00:00:00,GHCND:US1KYDV0009,0
",,7,0600",PRCP,2017-07-18T00:00:00,GHCND:USC00156094,0
",,N,",PRCP,2017-07-19T00:00:00,GHCND:US1KYDV0003,0
",,N,",SNOW,2017-07-19T00:00:00,GHCND:US1KYDV0003,0
",,N,",PRCP,2017-07-19T00:00:00,GHCND:US1KYDV0006,0
",,N,",SNOW,2017-07-19T00:00:00,GHCND:US1KYDV0006,0
",,N,",PRCP,2017-07-19T00:00:00,GHCND:US1KYDV0009,0
",,7,0600",PRCP,2017-07-19T00:00:00,GHCND:USC00156094,0
",,N,",PRCP,2017-07-20T00:00:00,GHCND:US1KYDV0003,0
",,N,",SNOW,2017-07-20T00:00:00,GHCND:US1KYDV0003,0
",,N,",PRCP,2017-07-20T00:00:00,GHCND:US1KYDV0006,0
",,N,",SNOW,2017-07-20T00:00:00,GHCND:US1KYDV0006,0
",,N,",PRCP,2017-07-20T00:00:00,GHCND:US1KYDV0009,0
",,7,0600",PRCP,2017-07-20T00:00:00,GHCND:USC00156094,5
",,N,",PRCP,2017-07-21T00:00:00,GHCND:US1KYDV0003,0
",,N,",SNOW,2017-07-21T00:00:00,GHCND:US1KYDV0003,0
",,N,",PRCP,2017-07-21T00:00:00,GHCND:US1KYDV0006,0
",,N,",SNOW,2017-07-21T00:00:00,GHCND:US1KYDV0006,0
",,N,",PRCP,2017-07-21T00:00:00,GHCND:US1KYDV0009,0
",,7,0600",PRCP,2017-07-21T00:00:00,GHCND:USC00156094,0
",,N,",PRCP,2017-07-22T00:00:00,GHCND:US1KYDV0003,0
",,N,",SNOW,2017-07-22T00:00:00,GHCND:US1KYDV0003,0
",,N,",PRCP,2017-07-22T00:00:00,GHCND:US1KYDV0006,0
",,N,",SNOW,2017-07-22T00:00:00,GHCND:US1KYDV0006,0
",,N,",PRCP,2017-07-22T00:00:00,GHCND:US1KYDV0009,0
",,7,0600",PRCP,2017-07-22T00:00:00,GHCND:USC00156094,0
",,N,",PRCP,2017-07-23T00:00:00,GHCND:US1KYDV0003,254
"T,,N,",PRCP,2017-07-23T00:00:00,GHCND:US1KYDV0006,0
",,N,",PRCP,2017-07-23T00:00:00,GHCND:US1KYDV0009,10
",,7,0600",PRCP,2017-07-23T00:00:00,GHCND:USC00156094,23
",,N,",PRCP,2017-07-24T00:00:00,GHCND:US1KYDV0003,0
",,N,",SNOW,2017-07-24T00:00:00,GHCND:US1KYDV0003,0
",,N,",PRCP,2017-07-24T00:00:00,GHCND:US1KYDV0006,224
",,N,",PRCP,2017-07-24T00:00:00,GHCND:US1KYDV0009,213
",,7,0600",PRCP,2017-07-24T00:00:00,GHCND:USC00156094,325
",,N,",PRCP,2017-07-25T00:00:00,GHCND:US1KYDV0003,0
",,N,",SNOW,2017-07-25T00:00:00,GHCND:US1KYDV0003,0
",,N,",PRCP,2017-07-25T00:00:00,GHCND:US1KYDV0006,130
",,N,",PRCP,2017-07-25T00:00:00,GHCND:US1KYDV0007,20
",,N,",PRCP,2017-07-25T00:00:00,GHCND:US1KYDV0009,0
",,7,0600",PRCP,2017-07-25T00:00:00,GHCND:USC00156094,163
",,N,",PRCP,2017-07-26T00:00:00,GHCND:US1KYDV0003,0
",,N,",SNOW,2017-07-26T00:00:00,GHCND:US1KYDV0003,0
",,N,",PRCP,2017-07-26T00:00:00,GHCND:US1KYDV0006,0
",,N,",SNOW,2017-07-26T00:00:00,GHCND:US1KYDV0006,0
",,7,0600",PRCP,2017-07-26T00:00:00,GHCND:USC00156094,0
",,7,0600",PRCP,2017-07-26T00:00:00,GHCND:USC00156094,0
",,N,",PRCP,2017-07-27T00:00:00,GHCND:US1KYDV0003,0
",,N,",SNOW,2017-07-27T00:00:00,GHCND:US1KYDV0003,0
",,N,",PRCP,2017-07-27T00:00:00,GHCND:US1KYDV0006,48
",,N,",PRCP,2017-07-27T00:00:00,GHCND:US1KYDV0007,0
"T,,N,",PRCP,2017-07-27T00:00:00,GHCND:US1KYDV0009,0
",,7,0600",PRCP,2017-07-27T00:00:00,GHCND:USC00156094,0
",,N,",PRCP,2017-07-28T00:00:00,GHCND:US1KYDV0003,25
",,N,",PRCP,2017-07-28T00:00:00,GHCND:US1KYDV0006,185
",,N,",PRCP,2017-07-28T00:00:00,GHCND:US1KYDV0009,10
",,7,0600",PRCP,2017-07-28T00:00:00,GHCND:USC00156094,10
",,N,",PRCP,2017-07-29T00:00:00,GHCND:US1KYDV0003,0
",,N,",SNOW,2017-07-29T00:00:00,GHCND:US1KYDV0003,0
",,N,",PRCP,2017-07-29T00:00:00,GHCND:US1KYDV0006,0
",,N,",SNOW,2017-07-29T00:00:00,GHCND:US1KYDV0006,0
",,N,",PRCP,2017-07-29T00:00:00,GHCND:US1KYDV0009,13
",,7,0600",PRCP,2017-07-29T00:00:00,GHCND:USC00156094,0
",,N,",PRCP,2017-07-30T00:00:00,GHCND:US1KYDV0003,0
",,N,",SNOW,2017-07-30T00:00:00,GHCND:US1KYDV0003,0
",,N,",PRCP,2017-07-30T00:00:00,GHCND:US1KYDV0006,0
",,N,",SNOW,2017-07-30T00:00:00,GHCND:US1KYDV0006,0
",,N,",PRCP,2017-07-30T00:00:00,GHCND:US1KYDV0009,0
",,7,0600",PRCP,2017-07-30T00:00:00,GHCND:USC00156094,0
",,N,",PRCP,2017-07-31T00:00:00,GHCND:US1KYDV0003,0
",,N,",SNOW,2017-07-31T00:00:00,GHCND:US1KYDV0003,0
",,N,",PRCP,2017-07-31T00:00:00,GHCND:US1KYDV0006,0
",,N,",SNOW,2017-07-31T00:00:00,GHCND:US1KYDV0006,0
",,N,",PRCP,2017-07-31T00:00:00,GHCND:US1KYDV0009,0
",,7,0600",PRCP,2017-07-31T00:00:00,GHCND:USC00156094,0
",,N,",PRCP,2017-08-01T00:00:00,GHCND:US1KYDV0003,0
",,N,",SNOW,2017-08-01T00:00:00,GHCND:US1KYDV0003,0
",,N,",PRCP,2017-08-01T00:00:00,GHCND:US1KYDV0006,0
",,N,",SNOW,2017-08-01T00:00:00,GHCND:US1KYDV0006,0
",,N,",PRCP,2017-08-01T00:00:00,GHCND:US1KYDV0009,0
",,7,0600",PRCP,2017-08-01T00:00:00,GHCND:USC00156094,0
",,N,",PRCP,2017-08-02T00:00:00,GHCND:US1KYDV0003,76
",,N,",PRCP,2017-08-02T00:00:00,GHCND:US1KYDV0006,15
",,N,",PRCP,2017-08-02T00:00:00,GHCND:US1KYDV0007,71
",,N,",PRCP,2017-08-02T00:00:00,GHCND:US1KYDV0009,394
",,7,0600",PRCP,2017-08-02T00:00:00,GHCND:USC00156094,302
",,N,",PRCP,2017-08-03T00:00:00,GHCND:US1KYDV0003,76
",,N,",PRCP,2017-08-03T00:00:00,GHCND:US1KYDV0006,155
",,N,",PRCP,2017-08-03T00:00:00,GHCND:US1KYDV0009,3
",,7,0600",PRCP,2017-08-03T00:00:00,GHCND:USC00156094,0
",,N,",PRCP,2017-08-04T00:00:00,GHCND:US1KYDV0003,0
",,N,",SNOW,2017-08-04T00:00:00,GHCND:US1KYDV0003,0
",,N,",PRCP,2017-08-04T00:00:00,GHCND:US1KYDV0006,0
",,N,",SNOW,2017-08-04T00:00:00,GHCND:US1KYDV0006,0
",,N,",PRCP,2017-08-04T00:00:00,GHCND:US1KYDV0009,0
",,7,0600",PRCP,2017-08-04T00:00:00,GHCND:USC00156094,0
",,N,",PRCP,2017-08-05T00:00:00,GHCND:US1KYDV0003,0
",,N,",SNOW,2017-08-05T00:00:00,GHCND:US1KYDV0003,0
",,N,",PRCP,2017-08-05T00:00:00,GHCND:US1KYDV0006,0
",,N,",SNOW,2017-08-05T00:00:00,GHCND:US1KYDV0006,0
",,N,",PRCP,2017-08-05T00:00:00,GHCND:US1KYDV0009,0
",,7,0600",PRCP,2017-08-05T00:00:00,GHCND:USC00156094,0
",,N,",PRCP,2017-08-06T00:00:00,GHCND:US1KYDV0003,0
",,N,",SNOW,2017-08-06T00:00:00,GHCND:US1KYDV0003,0
",,N,",PRCP,2017-08-06T00:00:00,GHCND:US1KYDV0006,0
",,N,",SNOW,2017-08-06T00:00:00,GHCND:US1KYDV0006,0
"T,,N,",PRCP,2017-08-06T00:00:00,GHCND:US1KYDV0009,0
",,7,0600",PRCP,2017-08-06T00:00:00,GHCND:USC00156094,3
",,N,",PRCP,2017-08-07T00:00:00,GHCND:US1KYDV0003,178
",,N,",PRCP,2017-08-07T00:00:00,GHCND:US1KYDV0006,104
",,N,",PRCP,2017-08-07T00:00:00,GHCND:US1KYDV0009,300
",,7,0600",PRCP,2017-08-07T00:00:00,GHCND:USC00156094,178
",,N,",PRCP,2017-08-08T00:00:00,GHCND:US1KYDV0003,0
",,N,",SNOW,2017-08-08T00:00:00,GHCND:US1KYDV0003,0
",,N,",PRCP,2017-08-08T00:00:00,GHCND:US1KYDV0006,0
",,N,",SNOW,2017-08-08T00:00:00,GHCND:US1KYDV0006,0
",,N,",PRCP,2017-08-08T00:00:00,GHCND:US1KYDV0009,0
",,7,0600",PRCP,2017-08-08T00:00:00,GHCND:USC00156094,0
",,N,",PRCP,2017-08-09T00:00:00,GHCND:US1KYDV0003,0
",,N,",SNOW,2017-08-09T00:00:00,GHCND:US1KYDV0003,0
",,N,",PRCP,2017-08-09T00:00:00,GHCND:US1KYDV0006,0
",,N,",SNOW,2017-08-09T00:00:00,GHCND:US1KYDV0006,0
",,7,0600",PRCP,2017-08-09T00:00:00,GHCND:USC00156094,0
",,N,",PRCP,2017-08-10T00:00:00,GHCND:US1KYDV0003,0
",,N,",SNOW,2017-08-10T00:00:00,GHCND:US1KYDV0003,0
",,N,",PRCP,2017-08-10T00:00:00,GHCND:US1KYDV0006,0
",,N,",SNOW,2017-08-10T00:00:00,GHCND:US1KYDV0006,0
",,N,",PRCP,2017-08-10T00:00:00,GHCND:US1KYDV0009,0
",,7,0600",PRCP,2017-08-10T00:00:00,GHCND:USC00156094,0
",,N,",PRCP,2017-08-11T00:00:00,GHCND:US1KYDV0003,0
",,N,",SNOW,2017-08-11T00:00:00,GHCND:US1KYDV0003,0
",,N,",PRCP,2017-08-11T00:00:00,GHCND:US1KYDV0006,0
",,N,",SNOW,2017-08-11T00:00:00,GHCND:US1KYDV0006,0
",,N,",PRCP,2017-08-11T00:00:00,GHCND:US1KYDV0007,0
",,N,",PRCP,2017-08-11T00:00:00,GHCND:US1KYDV0009,0
",,7,0600",PRCP,2017-08-11T00:00:00,GHCND:USC00156094,0
",,N,",PRCP,2017-08-12T00:00:00,GHCND:US1KYDV0003,0
",,N,",SNOW,2017-08-12T00:00:00,GHCND:US1KYDV0003,0
",,N,",PRCP,2017-08-12T00:00:00,GHCND:US1KYDV0006,0
",,N,",SNOW,2017-08-12T00:00:00,GHCND:US1KYDV0006,0
",,N,",PRCP,2017-08-12T00:00:00,GHCND:US1KYDV0009,0
",,7,0600",PRCP,2017-08-12T00:00:00,GHCND:USC00156094,0
",,N,",PRCP,2017-08-13T00:00:00,GHCND:US1KYDV0003,0
",,N,",SNOW,2017-08-13T00:00:00,GHCND:US1KYDV0003,0
",,N,",PRCP,2017-08-13T00:00:00,GHCND:US1KYDV0006,0
",,N,",SNOW,2017-08-13T00:00:00,GHCND:US1KYDV0006,0
",,N,",PRCP,2017-08-13T00:00:00,GHCND:US1KYDV0009,0
",,7,0600",PRCP,2017-08-13T00:00:00,GHCND:USC00156094,0
",,N,",PRCP,2017-08-14T00:00:00,GHCND:US1KYDV0003,0
",,N,",SNOW,2017-08-14T00:00:00,GHCND:US1KYDV0003,0
",,N,",PRCP,2017-08-14T00:00:00,GHCND:US1KYDV0006,0
",,N,",SNOW,2017-08-14T00:00:00,GHCND:US1KYDV0006,0
",,N,",PRCP,2017-08-14T00:00:00,GHCND:US1KYDV0009,0
",,7,0600",PRCP,2017-08-14T00:00:00,GHCND:USC00156094,0
",,N,",PRCP,2017-08-15T00:00:00,GHCND:US1KYDV0003,0
",,N,",SNOW,2017-08-15T00:00:00,GHCND:US1KYDV0003,0
",,N,",PRCP,2017-08-15T00:00:00,GHCND:US1KYDV0006,0
",,N,",SNOW,2017-08-15T00:00:00,GHCND:US1KYDV0006,0
",,N,",PRCP,2017-08-15T00:00:00,GHCND:US1KYDV0009,10
",,7,0600",PRCP,2017-08-15T00:00:00,GHCND:USC00156094,3
",,N,",PRCP,2017-08-16T00:00:00,GHCND:US1KYDV0003,0
",,N,",SNOW,2017-08-16T00:00:00,GHCND:US1KYDV0003,0
",,N,",PRCP,2017-08-16T00:00:00,GHCND:US1KYDV0006,0
",,N,",SNOW,2017-08-16T00:00:00,GHCND:US1KYDV0006,0
",,N,",PRCP,2017-08-16T00:00:00,GHCND:US1KYDV0009,0
",,7,0600",PRCP,2017-08-16T00:00:00,GHCND:USC00156094,0
",,N,",PRCP,2017-08-17T00:00:00,GHCND:US1KYDV0003,0
",,N,",SNOW,2017-08-17T00:00:00,GHCND:US1KYDV0003,0
",,N,",PRCP,2017-08-17T00:00:00,GHCND:US1KYDV0006,18
",,N,",PRCP,2017-08-17T00:00:00,GHCND:US1KYDV0009,33
",,7,0600",PRCP,2017-08-17T00:00:00,GHCND:USC00156094,0
",,N,",PRCP,2017-08-18T00:00:00,GHCND:US1KYDV0003,53
",,N,",PRCP,2017-08-18T00:00:00,GHCND:US1KYDV0006,13
",,N,",PRCP,2017-08-18T00:00:00,GHCND:US1KYDV0009,124
",,7,0600",PRCP,2017-08-18T00:00:00,GHCND:USC00156094,8
",,N,",PRCP,2017-08-19T00:00:00,GHCND:US1KYDV0003,0
",,N,",SNOW,2017-08-19T00:00:00,GHCND:US1KYDV0003,0
",,N,",PRCP,2017-08-19T00:00:00,GHCND:US1KYDV0006,0
",,N,",SNOW,2017-08-19T00:00:00,GHCND:US1KYDV0006,0
",,N,",PRCP,2017-08-19T00:00:00,GHCND:US1KYDV0009,0
",,7,0600",PRCP,2017-08-19T00:00:00,GHCND:USC00156094,0
",,N,",PRCP,2017-08-20T00:00:00,GHCND:US1KYDV0003,0
",,N,",SNOW,2017-08-20T00:00:00,GHCND:US1KYDV0003,0
",,N,",PRCP,2017-08-20T00:00:00,GHCND:US1KYDV0006,8
",,N,",PRCP,2017-08-20T00:00:00,GHCND:US1KYDV0009,13
",,7,0600",PRCP,2017-08-20T00:00:00,GHCND:USC00156094,13
",,N,",PRCP,2017-08-21T00:00:00,GHCND:US1KYDV0003,0
",,N,",SNOW,2017-08-21T00:00:00,GHCND:US1KYDV0003,0
",,N,",PRCP,2017-08-21T00:00:00,GHCND:US1KYDV0006,0
",,N,",SNOW,2017-08-21T00:00:00,GHCND:US1KYDV0006,0
",,7,0600",PRCP,2017-08-21T00:00:00,GHCND:USC00156094,0
",,N,",PRCP,2017-08-22T00:00:00,GHCND:US1KYDV0003,0
",,N,",SNOW,2017-08-22T00:00:00,GHCND:US1KYDV0003,0
",,N,",PRCP,2017-08-22T00:00:00,GHCND:US1KYDV0006,0
",,N,",SNOW,2017-08-22T00:00:00,GHCND:US1KYDV0006,0
",,7,0600",PRCP,2017-08-22T00:00:00,GHCND:USC00156094,5
",,N,",PRCP,2017-08-23T00:00:00,GHCND:US1KYDV0003,254
",,N,",PRCP,2017-08-23T00:00:00,GHCND:US1KYDV0006,173
",,7,0600",PRCP,2017-08-23T00:00:00,GHCND:USC00156094,140
",,N,",PRCP,2017-08-24T00:00:00,GHCND:US1KYDV0003,0
",,N,",SNOW,2017-08-24T00:00:00,GHCND:US1KYDV0003,0
",,N,",PRCP,2017-08-24T00:00:00,GHCND:US1KYDV0006,0
",,N,",SNOW,2017-08-24T00:00:00,GHCND:US1KYDV0006,0
",,7,0600",PRCP,2017-08-24T00:00:00,GHCND:USC00156094,0
",,N,",PRCP,2017-08-25T00:00:00,GHCND:US1KYDV0003,0
",,N,",SNOW,2017-08-25T00:00:00,GHCND:US1KYDV0003,0
",,N,",PRCP,2017-08-25T00:00:00,GHCND:US1KYDV0006,0
",,N,",SNOW,2017-08-25T00:00:00,GHCND:US1KYDV0006,0
",,N,",PRCP,2017-08-25T00:00:00,GHCND:US1KYDV0009,0
",,7,0600",PRCP,2017-08-25T00:00:00,GHCND:USC00156094,0
",,N,",PRCP,2017-08-26T00:00:00,GHCND:US1KYDV0003,0
",,N,",SNOW,2017-08-26T00:00:00,GHCND:US1KYDV0003,0
",,N,",PRCP,2017-08-26T00:00:00,GHCND:US1KYDV0006,0
",,N,",SNOW,2017-08-26T00:00:00,GHCND:US1KYDV0006,0
",,N,",PRCP,2017-08-26T00:00:00,GHCND:US1KYDV0009,0
",,7,0600",PRCP,2017-08-26T00:00:00,GHCND:USC00156094,0
",,N,",PRCP,2017-08-27T00:00:00,GHCND:US1KYDV0003,0
",,N,",SNOW,2017-08-27T00:00:00,GHCND:US1KYDV0003,0
",,N,",PRCP,2017-08-27T00:00:00,GHCND:US1KYDV0006,0
",,N,",SNOW,2017-08-27T00:00:00,GHCND:US1KYDV0006,0
",,N,",PRCP,2017-08-27T00:00:00,GHCND:US1KYDV0009,0
",,7,0600",PRCP,2017-08-27T00:00:00,GHCND:USC00156094,0
",,N,",PRCP,2017-08-28T00:00:00,GHCND:US1KYDV0003,0
",,N,",SNOW,2017-08-28T00:00:00,GHCND:US1KYDV0003,0
",,N,",PRCP,2017-08-28T00:00:00,GHCND:US1KYDV0006,0
",,N,",SNOW,2017-08-28T00:00:00,GHCND:US1KYDV0006,0
",,N,",PRCP,2017-08-28T00:00:00,GHCND:US1KYDV0009,0
",,7,0600",PRCP,2017-08-28T00:00:00,GHCND:USC00156094,3
",,N,",PRCP,2017-08-29T00:00:00,GHCND:US1KYDV0003,0
",,N,",SNOW,2017-08-29T00:00:00,GHCND:US1KYDV0003,0
",,N,",PRCP,2017-08-29T00:00:00,GHCND:US1KYDV0006,18
",,N,",PRCP,2017-08-29T00:00:00,GHCND:US1KYDV0007,10
"T,,N,",PRCP,2017-08-29T00:00:00,GHCND:US1KYDV0009,0
",,7,0600",PRCP,2017-08-29T00:00:00,GHCND:USC00156094,3
",,N,",PRCP,2017-08-30T00:00:00,GHCND:US1KYDV0003,0
",,N,",SNOW,2017-08-30T00:00:00,GHCND:US1KYDV0003,0
",,N,",PRCP,2017-08-30T00:00:00,GHCND:US1KYDV0006,28
",,N,",PRCP,2017-08-30T00:00:00,GHCND:US1KYDV0007,10
",,7,0600",PRCP,2017-08-30T00:00:00,GHCND:USC00156094,0
",,N,",PRCP,2017-08-31T00:00:00,GHCND:US1KYDV0003,0
",,N,",SNOW,2017-08-31T00:00:00,GHCND:US1KYDV0003,0
",,N,",PRCP,2017-08-31T00:00:00,GHCND:US1KYDV0006,0
",,N,",SNOW,2017-08-31T00:00:00,GHCND:US1KYDV0006,0
",,N,",PRCP,2017-08-31T00:00:00,GHCND:US1KYDV0007,0
",,N,",PRCP,2017-08-31T00:00:00,GHCND:US1KYDV0009,0
",,7,0600",PRCP,2017-08-31T00:00:00,GHCND:USC00156094,0
",,N,",PRCP,2017-09-01T00:00:00,GHCND:US1KYDV0003,381
",,N,",PRCP,2017-09-01T00:00:00,GHCND:US1KYDV0009,157
",,7,0600",PRCP,2017-09-01T00:00:00,GHCND:USC00156094,163
",,N,",PRCP,2017-09-02T00:00:00,GHCND:US1KYDV0003,173
",,N,",PRCP,2017-09-02T00:00:00,GHCND:US1KYDV0009,300
",,7,0600",PRCP,2017-09-02T00:00:00,GHCND:USC00156094,353
",,N,",PRCP,2017-09-03T00:00:00,GHCND:US1KYDV0003,0
",,N,",SNOW,2017-09-03T00:00:00,GHCND:US1KYDV0003,0
",,N,",PRCP,2017-09-03T00:00:00,GHCND:US1KYDV0006,0
",,N,",SNOW,2017-09-03T00:00:00,GHCND:US1KYDV0006,0
",,N,",PRCP,2017-09-03T00:00:00,GHCND:US1KYDV0009,0
",,7,0600",PRCP,2017-09-03T00:00:00,GHCND:USC00156094,0
",,N,",PRCP,2017-09-04T00:00:00,GHCND:US1KYDV0003,0
",,N,",SNOW,2017-09-04T00:00:00,GHCND:US1KYDV0003,0
",,N,",PRCP,2017-09-04T00:00:00,GHCND:US1KYDV0006,0
",,N,",SNOW,2017-09-04T00:00:00,GHCND:US1KYDV0006,0
",,N,",PRCP,2017-09-04T00:00:00,GHCND:US1KYDV0009,0
",,7,0600",PRCP,2017-09-04T00:00:00,GHCND:USC00156094,0
",,N,",PRCP,2017-09-05T00:00:00,GHCND:US1KYDV0003,0
",,N,",SNOW,2017-09-05T00:00:00,GHCND:US1KYDV0003,0
",,N,",PRCP,2017-09-05T00:00:00,GHCND:US1KYDV0006,10
"T,,N,",PRCP,2017-09-05T00:00:00,GHCND:US1KYDV0009,0
",,7,0600",PRCP,2017-09-05T00:00:00,GHCND:USC00156094,5
",,N,",PRCP,2017-09-06T00:00:00,GHCND:US1KYDV0003,0
",,N,",SNOW,2017-09-06T00:00:00,GHCND:US1KYDV0003,0
",,N,",PRCP,2017-09-06T00:00:00,GHCND:US1KYDV0006,10
",,N,",PRCP,2017-09-06T00:00:00,GHCND:US1KYDV0007,10
"T,,N,",PRCP,2017-09-06T00:00:00,GHCND:US1KYDV0009,0
",,7,0600",PRCP,2017-09-06T00:00:00,GHCND:USC00156094,0
",,N,",PRCP,2017-09-07T00:00:00,GHCND:US1KYDV0003,0
",,N,",SNOW,2017-09-07T00:00:00,GHCND:US1KYDV0003,0
",,N,",PRCP,2017-09-07T00:00:00,GHCND:US1KYDV0006,8
",,N,",PRCP,2017-09-07T00:00:00,GHCND:US1KYDV0009,0
",,7,0600",PRCP,2017-09-07T00:00:00,GHCND:USC00156094,0
",,N,",PRCP,2017-09-08T00:00:00,GHCND:US1KYDV0003,0
",,N,",SNOW,2017-09-08T00:00:00,GHCND:US1KYDV0003,0
",,N,",PRCP,2017-09-08T00:00:00,GHCND:US1KYDV0006,0
",,N,",SNOW,2017-09-08T00:00:00,GHCND:US1KYDV0006,0
",,N,",PRCP,2017-09-08T00:00:00,GHCND:US1KYDV0009,0
",,7,0600",PRCP,2017-09-08T00:00:00,GHCND:USC00156094,0
",,N,",PRCP,2017-09-09T00:00:00,GHCND:US1KYDV0003,0
",,N,",SNOW,2017-09-09T00:00:00,GHCND:US1KYDV0003,0
",,N,",PRCP,2017-09-09T00:00:00,GHCND:US1KYDV0006,0
",,N,",SNOW,2017-09-09T00:00:00,GHCND:US1KYDV0006,0
",,N,",PRCP,2017-09-09T00:00:00,GHCND:US1KYDV0009,0
",,7,0600",PRCP,2017-09-09T00:00:00,GHCND:USC00156094,0
",,N,",PRCP,2017-09-10T00:00:00,GHCND:US1KYDV0003,0
",,N,",SNOW,2017-09-10T00:00:00,GHCND:US1KYDV0003,0
",,N,",PRCP,2017-09-10T00:00:00,GHCND:US1KYDV0006,0
",,N,",SNOW,2017-09-10T00:00:00,GHCND:US1KYDV0006,0
",,N,",PRCP,2017-09-10T00:00:00,GHCND:US1KYDV0009,0
",,7,0600",PRCP,2017-09-10T00:00:00,GHCND:USC00156094,0
",,N,",PRCP,2017-09-11T00:00:00,GHCND:US1KYDV0003,0
",,N,",SNOW,2017-09-11T00:00:00,GHCND:US1KYDV0003,0
",,N,",PRCP,2017-09-11T00:00:00,GHCND:US1KYDV0006,0
",,N,",SNOW,2017-09-11T00:00:00,GHCND:US1KYDV0006,0
",,N,",PRCP,2017-09-11T00:00:00,GHCND:US1KYDV0009,0
",,7,0600",PRCP,2017-09-11T00:00:00,GHCND:USC00156094,0
",,N,",PRCP,2017-09-12T00:00:00,GHCND:US1KYDV0003,89
",,N,",PRCP,2017-09-12T00:00:00,GHCND:US1KYDV0006,10
",,N,",PRCP,2017-09-12T00:00:00,GHCND:US1KYDV0009,48
",,7,0600",PRCP,2017-09-12T00:00:00,GHCND:USC00156094,51
",,N,",PRCP,2017-09-13T00:00:00,GHCND:US1KYDV0003,0
",,N,",SNOW,2017-09-13T00:00:00,GHCND:US1KYDV0003,0
",,N,",PRCP,2017-09-13T00:00:00,GHCND:US1KYDV0006,201
",,N,",PRCP,2017-09-13T00:00:00,GHCND:US1KYDV0009,150
",,7,0600",PRCP,2017-09-13T00:00:00,GHCND:USC00156094,140
",,N,",PRCP,2017-09-14T00:00:00,GHCND:US1KYDV0003,224
",,N,",PRCP,2017-09-14T00:00:00,GHCND:US1KYDV0006,163
",,N,",PRCP,2017-09-14T00:00:00,GHCND:US1KYDV0009,104
",,7,0600",PRCP,2017-09-14T00:00:00,GHCND:USC00156094,86
",,N,",PRCP,2017-09-15T00:00:00,GHCND:US1KYDV0003,0
",,N,",SNOW,2017-09-15T00:00:00,GHCND:US1KYDV0003,0
",,N,",PRCP,2017-09-15T00:00:00,GHCND:US1KYDV0006,0
",,N,",SNOW,2017-09-15T00:00:00,GHCND:US1KYDV0006,0
",,N,",PRCP,2017-09-15T00:00:00,GHCND:US1KYDV0009,0
",,7,0600",PRCP,2017-09-15T00:00:00,GHCND:USC00156094,0
",,N,",PRCP,2017-09-16T00:00:00,GHCND:US1KYDV0003,0
",,N,",SNOW,2017-09-16T00:00:00,GHCND:US1KYDV0003,0
",,N,",PRCP,2017-09-16T00:00:00,GHCND:US1KYDV0006,0
",,N,",SNOW,2017-09-16T00:00:00,GHCND:US1KYDV0006,0
",,N,",PRCP,2017-09-16T00:00:00,GHCND:US1KYDV0009,0
",,7,0600",PRCP,2017-09-16T00:00:00,GHCND:USC00156094,0
",,N,",PRCP,2017-09-17T00:00:00,GHCND:US1KYDV0003,0
",,N,",SNOW,2017-09-17T00:00:00,GHCND:US1KYDV0003,0
",,N,",PRCP,2017-09-17T00:00:00,GHCND:US1KYDV0006,0
",,N,",SNOW,2017-09-17T00:00:00,GHCND:US1KYDV0006,0
",,N,",PRCP,2017-09-17T00:00:00,GHCND:US1KYDV0009,0
",,7,0600",PRCP,2017-09-17T00:00:00,GHCND:USC00156094,0
",,N,",PRCP,2017-09-18T00:00:00,GHCND:US1KYDV0003,0
",,N,",SNOW,2017-09-18T00:00:00,GHCND:US1KYDV0003,0
",,N,",PRCP,2017-09-18T00:00:00,GHCND:US1KYDV0006,0
",,N,",SNOW,2017-09-18T00:00:00,GHCND:US1KYDV0006,0
",,N,",PRCP,2017-09-18T00:00:00,GHCND:US1KYDV0009,0
",,7,0600",PRCP,2017-09-18T00:00:00,GHCND:USC00156094,0
",,N,",PRCP,2017-09-19T00:00:00,GHCND:US1KYDV0003,343
",,N,",PRCP,2017-09-19T00:00:00,GHCND:US1KYDV0006,561
",,N,",PRCP,2017-09-19T00:00:00,GHCND:US1KYDV0007,526
",,N,",PRCP,2017-09-19T00:00:00,GHCND:US1KYDV0009,615
",,7,0600",PRCP,2017-09-19T00:00:00,GHCND:USC00156094,521
",,N,",PRCP,2017-09-20T00:00:00,GHCND:US1KYDV0003,84
",,N,",PRCP,2017-09-20T00:00:00,GHCND:US1KYDV0006,231
",,N,",PRCP,2017-09-20T00:00:00,GHCND:US1KYDV0007,163
",,N,",PRCP,2017-09-20T00:00:00,GHCND:US1KYDV0009,58
",,7,0600",PRCP,2017-09-20T00:00:00,GHCND:USC00156094,114
",,N,",PRCP,2017-09-21T00:00:00,GHCND:US1KYDV0003,0
",,N,",SNOW,2017-09-21T00:00:00,GHCND:US1KYDV0003,0
",,N,",PRCP,2017-09-21T00:00:00,GHCND:US1KYDV0006,0
",,N,",SNOW,2017-09-21T00:00:00,GHCND:US1KYDV0006,0
",,N,",PRCP,2017-09-21T00:00:00,GHCND:US1KYDV0009,0
",,7,0600",PRCP,2017-09-21T00:00:00,GHCND:USC00156094,0
",,N,",PRCP,2017-09-22T00:00:00,GHCND:US1KYDV0003,0
",,N,",SNOW,2017-09-22T00:00:00,GHCND:US1KYDV0003,0
",,N,",PRCP,2017-09-22T00:00:00,GHCND:US1KYDV0006,0
",,N,",SNOW,2017-09-22T00:00:00,GHCND:US1KYDV0006,0
",,7,0600",PRCP,2017-09-22T00:00:00,GHCND:USC00156094,0
",,N,",PRCP,2017-09-23T00:00:00,GHCND:US1KYDV0003,0
",,N,",SNOW,2017-09-23T00:00:00,GHCND:US1KYDV0003,0
",,N,",PRCP,2017-09-23T00:00:00,GHCND:US1KYDV0006,0
",,N,",SNOW,2017-09-23T00:00:00,GHCND:US1KYDV0006,0
",,N,",PRCP,2017-09-23T00:00:00,GHCND:US1KYDV0009,0
",,7,0600",PRCP,2017-09-23T00:00:00,GHCND:USC00156094,0
",,N,",PRCP,2017-09-24T00:00:00,GHCND:US1KYDV0003,0
",,N,",SNOW,2017-09-24T00:00:00,GHCND:US1KYDV0003,0
",,N,",PRCP,2017-09-24T00:00:00,GHCND:US1KYDV0006,0
",,N,",SNOW,2017-09-24T00:00:00,GHCND:US1KYDV0006,0
",,N,",PRCP,2017-09-24T00:00:00,GHCND:US1KYDV0009,0
",,7,0600",PRCP,2017-09-24T00:00:00,GHCND:USC00156094,0
",,N,",PRCP,2017-09-25T00:00:00,GHCND:US1KYDV0003,0
",,N,",SNOW,2017-09-25T00:00:00,GHCND:US1KYDV0003,0
",,N,",PRCP,2017-09-25T00:00:00,GHCND:US1KYDV0006,0
",,N,",SNOW,2017-09-25T00:00:00,GHCND:US1KYDV0006,0
",,N,",PRCP,2017-09-25T00:00:00,GHCND:US1KYDV0009,0
",,7,0600",PRCP,2017-09-25T00:00:00,GHCND:USC00156094,0
",,N,",PRCP,2017-09-26T00:00:00,GHCND:US1KYDV0003,0
",,N,",SNOW,2017-09-26T00:00:00,GHCND:US1KYDV0003,0
",,N,",PRCP,2017-09-26T00:00:00,GHCND:US1KYDV0006,0
",,N,",SNOW,2017-09-26T00:00:00,GHCND:US1KYDV0006,0
",,N,",PRCP,2017-09-26T00:00:00,GHCND:US1KYDV0009,0
",,7,0600",PRCP,2017-09-26T00:00:00,GHCND:USC00156094,0
",,N,",PRCP,2017-09-27T00:00:00,GHCND:US1KYDV0003,0
",,N,",SNOW,2017-09-27T00:00:00,GHCND:US1KYDV0003,0
",,N,",PRCP,2017-09-27T00:00:00,GHCND:US1KYDV0006,0
",,N,",SNOW,2017-09-27T00:00:00,GHCND:US1KYDV0006,0
",,N,",PRCP,2017-09-27T00:00:00,GHCND:US1KYDV0009,0
",,7,0600",PRCP,2017-09-27T00:00:00,GHCND:USC00156094,0
",,N,",PRCP,2017-09-28T00:00:00,GHCND:US1KYDV0003,0
",,N,",SNOW,2017-09-28T00:00:00,GHCND:US1KYDV0003,0
",,N,",PRCP,2017-09-28T00:00:00,GHCND:US1KYDV0006,0
",,N,",SNOW,2017-09-28T00:00:00,GHCND:US1KYDV0006,0
",,N,",PRCP,2017-09-28T00:00:00,GHCND:US1KYDV0009,0
",,7,0600",PRCP,2017-09-28T00:00:00,GHCND:USC00156094,0
",,N,",PRCP,2017-09-29T00:00:00,GHCND:US1KYDV0003,0
",,N,",SNOW,2017-09-29T00:00:00,GHCND:US1KYDV0003,0
",,N,",PRCP,2017-09-29T00:00:00,GHCND:US1KYDV0006,0
",,N,",SNOW,2017-09-29T00:00:00,GHCND:US1KYDV0006,0
",,N,",PRCP,2017-09-29T00:00:00,GHCND:US1KYDV0009,0
",,7,0600",PRCP,2017-09-29T00:00:00,GHCND:USC00156094,0
",,N,",PRCP,2017-09-30T00:00:00,GHCND:US1KYDV0003,0
",,N,",SNOW,2017-09-30T00:00:00,GHCND:US1KYDV0003,0
",,N,",PRCP,2017-09-30T00:00:00,GHCND:US1KYDV0006,0
",,N,",SNOW,2017-09-30T00:00:00,GHCND:US1KYDV0006,0
",,N,",PRCP,2017-09-30T00:00:00,GHCND:US1KYDV0009,0
",,7,0600",PRCP,2017-09-30T00:00:00,GHCND:USC00156094,0
",,N,",PRCP,2017-10-01T00:00:00,GHCND:US1KYDV0003,0
",,N,",SNOW,2017-10-01T00:00:00,GHCND:US1KYDV0003,0
",,N,",PRCP,2017-10-01T00:00:00,GHCND:US1KYDV0006,0
",,N,",SNOW,2017-10-01T00:00:00,GHCND:US1KYDV0006,0
",,7,0600",PRCP,2017-10-01T00:00:00,GHCND:USC00156094,0
",,N,",PRCP,2017-10-02T00:00:00,GHCND:US1KYDV0003,0
",,N,",SNOW,2017-10-02T00:00:00,GHCND:US1KYDV0003,0
",,N,",PRCP,2017-10-02T00:00:00,GHCND:US1KYDV0006,0
",,N,",SNOW,2017-10-02T00:00:00,GHCND:US1KYDV0006,0
",,N,",PRCP,2017-10-02T00:00:00,GHCND:US1KYDV0009,0
",,7,0600",PRCP,2017-10-02T00:00:00,GHCND:USC00156094,0
",,N,",PRCP,2017-10-03T00:00:00,GHCND:US1KYDV0003,0
",,N,",SNOW,2017-10-03T00:00:00,GHCND:US1KYDV0003,0
",,N,",PRCP,2017-10-03T00:00:00,GHCND:US1KYDV0006,0
",,N,",SNOW,2017-10-03T00:00:00,GHCND:US1KYDV0006,0
",,N,",PRCP,2017-10-03T00:00:00,GHCND:US1KYDV0009,0
",,7,0600",PRCP,2017-10-03T00:00:00,GHCND:USC00156094,0
",,N,",PRCP,2017-10-04T00:00:00,GHCND:US1KYDV0003,0
",,N,",SNOW,2017-10-04T00:00:00,GHCND:US1KYDV0003,0
",,N,",PRCP,2017-10-04T00:00:00,GHCND:US1KYDV0006,0
",,N,",SNOW,2017-10-04T00:00:00,GHCND:US1KYDV0006,0
",,N,",PRCP,2017-10-04T00:00:00,GHCND:US1KYDV0009,0
",,7,0600",PRCP,2017-10-04T00:00:00,GHCND:USC00156094,0
",,N,",PRCP,2017-10-05T00:00:00,GHCND:US1KYDV0003,0
",,N,",SNOW,2017-10-05T00:00:00,GHCND:US1KYDV0003,0
",,N,",PRCP,2017-10-05T00:00:00,GHCND:US1KYDV0006,0
",,N,",PRCP,2017-10-05T00:00:00,GHCND:US1KYDV0009,0
",,7,0600",PRCP,2017-10-05T00:00:00,GHCND:USC00156094,0
",,N,",PRCP,2017-10-06T00:00:00,GHCND:US1KYDV0003,0
",,N,",SNOW,2017-10-06T00:00:00,GHCND:US1KYDV0003,0
",,N,",PRCP,2017-10-06T00:00:00,GHCND:US1KYDV0006,0
",,N,",SNOW,2017-10-06T00:00:00,GHCND:US1KYDV0006,0
",,N,",PRCP,2017-10-06T00:00:00,GHCND:US1KYDV0009,0
",,7,0600",PRCP,2017-10-06T00:00:00,GHCND:USC00156094,0
",,N,",PRCP,2017-10-07T00:00:00,GHCND:US1KYDV0003,0
",,N,",SNOW,2017-10-07T00:00:00,GHCND:US1KYDV0003,0
",,N,",PRCP,2017-10-07T00:00:00,GHCND:US1KYDV0006,0
",,N,",SNOW,2017-10-07T00:00:00,GHCND:US1KYDV0006,0
",,N,",PRCP,2017-10-07T00:00:00,GHCND:US1KYDV0009,0
",,7,0600",PRCP,2017-10-07T00:00:00,GHCND:USC00156094,0
",,N,",PRCP,2017-10-08T00:00:00,GHCND:US1KYDV0003,274
",,N,",PRCP,2017-10-08T00:00:00,GHCND:US1KYDV0006,564
",,N,",PRCP,2017-10-08T00:00:00,GHCND:US1KYDV0009,399
",,7,0600",PRCP,2017-10-08T00:00:00,GHCND:USC00156094,333
",,N,",PRCP,2017-10-09T00:00:00,GHCND:US1KYDV0003,762
",,N,",PRCP,2017-10-09T00:00:00,GHCND:US1KYDV0006,373
",,N,",PRCP,2017-10-09T00:00:00,GHCND:US1KYDV0009,800
",,7,0600",PRCP,2017-10-09T00:00:00,GHCND:USC00156094,752
",,N,",PRCP,2017-10-10T00:00:00,GHCND:US1KYDV0003,0
",,N,",SNOW,2017-10-10T00:00:00,GHCND:US1KYDV0003,0
",,N,",PRCP,2017-10-10T00:00:00,GHCND:US1KYDV0006,0
",,N,",SNOW,2017-10-10T00:00:00,GHCND:US1KYDV0006,0
"T,,N,",PRCP,2017-10-10T00:00:00,GHCND:US1KYDV0009,0
",,7,0600",PRCP,2017-10-10T00:00:00,GHCND:USC00156094,0
",,N,",PRCP,2017-10-11T00:00:00,GHCND:US1KYDV0003,114
",,N,",PRCP,2017-10-11T00:00:00,GHCND:US1KYDV0006,185
",,N,",PRCP,2017-10-11T00:00:00,GHCND:US1KYDV0009,51
",,7,0600",PRCP,2017-10-11T00:00:00,GHCND:USC00156094,53
",,N,",PRCP,2017-10-12T00:00:00,GHCND:US1KYDV0003,0
",,N,",SNOW,2017-10-12T00:00:00,GHCND:US1KYDV0003,0
",,N,",PRCP,2017-10-12T00:00:00,GHCND:US1KYDV0006,0
",,N,",SNOW,2017-10-12T00:00:00,GHCND:US1KYDV0006,0
",,N,",PRCP,2017-10-12T00:00:00,GHCND:US1KYDV0009,0
",,7,0600",PRCP,2017-10-12T00:00:00,GHCND:USC00156094,0
",,N,",PRCP,2017-10-13T00:00:00,GHCND:US1KYDV0003,0
",,N,",SNOW,2017-10-13T00:00:00,GHCND:US1KYDV0003,0
",,N,",PRCP,2017-10-13T00:00:00,GHCND:US1KYDV0006,0
",,N,",SNOW,2017-10-13T00:00:00,GHCND:US1KYDV0006,0
",,N,",PRCP,2017-10-13T00:00:00,GHCND:US1KYDV0009,0
",,7,0600",PRCP,2017-10-13T00:00:00,GHCND:USC00156094,0
",,N,",PRCP,2017-10-14T00:00:00,GHCND:US1KYDV0003,0
",,N,",SNOW,2017-10-14T00:00:00,GHCND:US1KYDV0003,0
",,N,",PRCP,2017-10-14T00:00:00,GHCND:US1KYDV0006,0
",,N,",SNOW,2017-10-14T00:00:00,GHCND:US1KYDV0006,0
",,N,",PRCP,2017-10-14T00:00:00,GHCND:US1KYDV0009,0
",,7,0600",PRCP,2017-10-14T00:00:00,GHCND:USC00156094,0
",,N,",PRCP,2017-10-15T00:00:00,GHCND:US1KYDV0003,0
",,N,",SNOW,2017-10-15T00:00:00,GHCND:US1KYDV0003,0
",,N,",PRCP,2017-10-15T00:00:00,GHCND:US1KYDV0006,0
",,N,",SNOW,2017-10-15T00:00:00,GHCND:US1KYDV0006,0
",,N,",PRCP,2017-10-15T00:00:00,GHCND:US1KYDV0009,0
",,7,0600",PRCP,2017-10-15T00:00:00,GHCND:USC00156094,0
",,N,",PRCP,2017-10-16T00:00:00,GHCND:US1KYDV0003,0
",,N,",SNOW,2017-10-16T00:00:00,GHCND:US1KYDV0003,0
",,N,",PRCP,2017-10-16T00:00:00,GHCND:US1KYDV0006,0
",,N,",SNOW,2017-10-16T00:00:00,GHCND:US1KYDV0006,0
",,N,",PRCP,2017-10-16T00:00:00,GHCND:US1KYDV0009,15
",,7,0600",PRCP,2017-10-16T00:00:00,GHCND:USC00156094,15
",,N,",PRCP,2017-10-17T00:00:00,GHCND:US1KYDV0003,0
",,N,",SNOW,2017-10-17T00:00:00,GHCND:US1KYDV0003,0
",,N,",PRCP,2017-10-17T00:00:00,GHCND:US1KYDV0006,0
",,N,",SNOW,2017-10-17T00:00:00,GHCND:US1KYDV0006,0
",,N,",PRCP,2017-10-17T00:00:00,GHCND:US1KYDV0009,0
",,7,0600",PRCP,2017-10-17T00:00:00,GHCND:USC00156094,0
",,N,",PRCP,2017-10-18T00:00:00,GHCND:US1KYDV0003,0
",,N,",SNOW,2017-10-18T00:00:00,GHCND:US1KYDV0003,0
",,N,",PRCP,2017-10-18T00:00:00,GHCND:US1KYDV0006,0
",,N,",SNOW,2017-10-18T00:00:00,GHCND:US1KYDV0006,0
",,N,",PRCP,2017-10-18T00:00:00,GHCND:US1KYDV0009,0
",,7,0600",PRCP,2017-10-18T00:00:00,GHCND:USC00156094,0
",,N,",PRCP,2017-10-19T00:00:00,GHCND:US1KYDV0003,0
",,N,",SNOW,2017-10-19T00:00:00,GHCND:US1KYDV0003,0
",,N,",PRCP,2017-10-19T00:00:00,GHCND:US1KYDV0006,0
",,N,",SNOW,2017-10-19T00:00:00,GHCND:US1KYDV0006,0
",,N,",PRCP,2017-10-19T00:00:00,GHCND:US1KYDV0009,0
",,7,0600",PRCP,2017-10-19T00:00:00,GHCND:USC00156094,0
",,N,",PRCP,2017-10-20T00:00:00,GHCND:US1KYDV0003,0
",,N,",SNOW,2017-10-20T00:00:00,GHCND:US1KYDV0003,0
",,N,",PRCP,2017-10-20T00:00:00,GHCND:US1KYDV0006,0
",,N,",SNOW,2017-10-20T00:00:00,GHCND:US1KYDV0006,0
",,N,",PRCP,2017-10-20T00:00:00,GHCND:US1KYDV0009,0
",,7,0600",PRCP,2017-10-20T00:00:00,GHCND:USC00156094,0
",,N,",PRCP,2017-10-21T00:00:00,GHCND:US1KYDV0003,0
",,N,",SNOW,2017-10-21T00:00:00,GHCND:US1KYDV0003,0
",,N,",PRCP,2017-10-21T00:00:00,GHCND:US1KYDV0006,0
",,N,",SNOW,2017-10-21T00:00:00,GHCND:US1KYDV0006,0
",,N,",PRCP,2017-10-21T00:00:00,GHCND:US1KYDV0009,0
",,7,0600",PRCP,2017-10-21T00:00:00,GHCND:USC00156094,0
",,N,",PRCP,2017-10-22T00:00:00,GHCND:US1KYDV0003,0
",,N,",SNOW,2017-10-22T00:00:00,GHCND:US1KYDV0003,0
",,N,",PRCP,2017-10-22T00:00:00,GHCND:US1KYDV0006,0
",,N,",SNOW,2017-10-22T00:00:00,GHCND:US1KYDV0006,0
",,N,",PRCP,2017-10-22T00:00:00,GHCND:US1KYDV0009,0
",,7,0600",PRCP,2017-10-22T00:00:00,GHCND:USC00156094,0
",,N,",PRCP,2017-10-23T00:00:00,GHCND:US1KYDV0003,254
",,N,",PRCP,2017-10-23T00:00:00,GHCND:US1KYDV0006,310
",,N,",PRCP,2017-10-23T00:00:00,GHCND:US1KYDV0009,251
",,7,0600",PRCP,2017-10-23T00:00:00,GHCND:USC00156094,221
",,N,",PRCP,2017-10-24T00:00:00,GHCND:US1KYDV0003,13
",,N,",PRCP,2017-10-24T00:00:00,GHCND:US1KYDV0006,41
",,N,",PRCP,2017-10-24T00:00:00,GHCND:US1KYDV0009,46
",,7,0600",PRCP,2017-10-24T00:00:00,GHCND:USC00156094,0
",,N,",PRCP,2017-10-25T00:00:00,GHCND:US1KYDV0003,0
",,N,",SNOW,2017-10-25T00:00:00,GHCND:US1KYDV0003,0
",,N,",PRCP,2017-10-25T00:00:00,GHCND:US1KYDV0006,0
",,N,",SNOW,2017-10-25T00:00:00,GHCND:US1KYDV0006,0
",,N,",PRCP,2017-10-25T00:00:00,GHCND:US1KYDV0009,5
",,7,0600",PRCP,2017-10-25T00:00:00,GHCND:USC00156094,28
",,N,",PRCP,2017-10-26T00:00:00,GHCND:US1KYDV0003,0
",,N,",SNOW,2017-10-26T00:00:00,GHCND:US1KYDV0003,0
",,N,",PRCP,2017-10-26T00:00:00,GHCND:US1KYDV0006,0
",,N,",SNOW,2017-10-26T00:00:00,GHCND:US1KYDV0006,0
",,N,",PRCP,2017-10-26T00:00:00,GHCND:US1KYDV0009,0
",,7,0600",PRCP,2017-10-26T00:00:00,GHCND:USC00156094,0
",,N,",PRCP,2017-10-27T00:00:00,GHCND:US1KYDV0003,0
",,N,",SNOW,2017-10-27T00:00:00,GHCND:US1KYDV0003,0
",,N,",PRCP,2017-10-27T00:00:00,GHCND:US1KYDV0006,0
",,N,",SNOW,2017-10-27T00:00:00,GHCND:US1KYDV0006,0
",,N,",PRCP,2017-10-27T00:00:00,GHCND:US1KYDV0009,0
",,7,0600",PRCP,2017-10-27T00:00:00,GHCND:USC00156094,0
",,N,",PRCP,2017-10-28T00:00:00,GHCND:US1KYDV0003,196
",,N,",PRCP,2017-10-28T00:00:00,GHCND:US1KYDV0006,315
",,N,",PRCP,2017-10-28T00:00:00,GHCND:US1KYDV0009,185
",,7,0600",PRCP,2017-10-28T00:00:00,GHCND:USC00156094,183
",,N,",PRCP,2017-10-29T00:00:00,GHCND:US1KYDV0003,0
",,N,",SNOW,2017-10-29T00:00:00,GHCND:US1KYDV0003,0
",,N,",PRCP,2017-10-29T00:00:00,GHCND:US1KYDV0006,0
",,N,",SNOW,2017-10-29T00:00:00,GHCND:US1KYDV0006,0
",,N,",PRCP,2017-10-29T00:00:00,GHCND:US1KYDV0009,0
",,7,0600",PRCP,2017-10-29T00:00:00,GHCND:USC00156094,0
",,N,",PRCP,2017-10-30T00:00:00,GHCND:US1KYDV0003,0
",,N,",SNOW,2017-10-30T00:00:00,GHCND:US1KYDV0003,0
",,N,",PRCP,2017-10-30T00:00:00,GHCND:US1KYDV0006,0
",,N,",SNOW,2017-10-30T00:00:00,GHCND:US1KYDV0006,0
",,N,",PRCP,2017-10-30T00:00:00,GHCND:US1KYDV0009,0
",,7,0600",PRCP,2017-10-30T00:00:00,GHCND:USC00156094,0
",,N,",PRCP,2017-10-31T00:00:00,GHCND:US1KYDV0003,0
",,N,",SNOW,2017-10-31T00:00:00,GHCND:US1KYDV0003,0
",,N,",PRCP,2017-10-31T00:00:00,GHCND:US1KYDV0006,0
",,N,",SNOW,2017-10-31T00:00:00,GHCND:US1KYDV0006,0
",,7,0600",PRCP,2017-10-31T00:00:00,GHCND:USC00156094,0
",,N,",PRCP,2017-11-01T00:00:00,GHCND:US1KYDV0003,51
",,N,",PRCP,2017-11-01T00:00:00,GHCND:US1KYDV0009,43
",,7,0600",PRCP,2017-11-01T00:00:00,GHCND:USC00156094,41
",,N,",PRCP,2017-11-02T00:00:00,GHCND:US1KYDV0003,20
",,N,",PRCP,2017-11-02T00:00:00,GHCND:US1KYDV0009,30
",,7,0600",PRCP,2017-11-02T00:00:00,GHCND:USC00156094,0
",,N,",PRCP,2017-11-03T00:00:00,GHCND:US1KYDV0003,0
",,N,",SNOW,2017-11-03T00:00:00,GHCND:US1KYDV0003,0
",,N,",PRCP,2017-11-03T00:00:00,GHCND:US1KYDV0009,10
",,7,0600",PRCP,2017-11-03T00:00:00,GHCND:USC00156094,33
",,N,",PRCP,2017-11-04T00:00:00,GHCND:US1KYDV0003,0
",,N,",SNOW,2017-11-04T00:00:00,GHCND:US1KYDV0003,0
",,N,",PRCP,2017-11-04T00:00:00,GHCND:US1KYDV0009,5
",,7,0600",PRCP,2017-11-04T00:00:00,GHCND:USC00156094,0
",,N,",PRCP,2017-11-05T00:00:00,GHCND:US1KYDV0003,0
",,N,",SNOW,2017-11-05T00:00:00,GHCND:US1KYDV0003,0
",,N,",PRCP,2017-11-05T00:00:00,GHCND:US1KYDV0009,0
",,7,0600",PRCP,2017-11-05T00:00:00,GHCND:USC00156094,0
",,N,",PRCP,2017-11-06T00:00:00,GHCND:US1KYDV0003,51
",,N,",PRCP,2017-11-06T00:00:00,GHCND:US1KYDV0007,23
",,N,",PRCP,2017-11-06T00:00:00,GHCND:US1KYDV0009,46
",,7,0600",PRCP,2017-11-06T00:00:00,GHCND:USC00156094,53
",,N,",PRCP,2017-11-07T00:00:00,GHCND:US1KYDV0003,0
",,N,",SNOW,2017-11-07T00:00:00,GHCND:US1KYDV0003,0
",,N,",PRCP,2017-11-07T00:00:00,GHCND:US1KYDV0009,30
",,7,0600",PRCP,2017-11-07T00:00:00,GHCND:USC00156094,28
",,N,",PRCP,2017-11-08T00:00:00,GHCND:US1KYDV0003,0
",,N,",SNOW,2017-11-08T00:00:00,GHCND:US1KYDV0003,0
",,N,",PRCP,2017-11-08T00:00:00,GHCND:US1KYDV0009,0
",,7,0600",PRCP,2017-11-08T00:00:00,GHCND:USC00156094,3
",,N,",PRCP,2017-11-09T00:00:00,GHCND:US1KYDV0003,0
",,N,",SNOW,2017-11-09T00:00:00,GHCND:US1KYDV0003,0
",,N,",PRCP,2017-11-09T00:00:00,GHCND:US1KYDV0006,0
",,N,",SNOW,2017-11-09T00:00:00,GHCND:US1KYDV0006,0
",,N,",PRCP,2017-11-09T00:00:00,GHCND:US1KYDV0009,0
",,7,0600",PRCP,2017-11-09T00:00:00,GHCND:USC00156094,0
",,N,",PRCP,2017-11-10T00:00:00,GHCND:US1KYDV0003,0
",,N,",SNOW,2017-11-10T00:00:00,GHCND:US1KYDV0003,0
",,N,",PRCP,2017-11-10T00:00:00,GHCND:US1KYDV0006,0
",,N,",SNOW,2017-11-10T00:00:00,GHCND:US1KYDV0006,0
",,N,",PRCP,2017-11-10T00:00:00,GHCND:US1KYDV0009,0
",,7,0600",PRCP,2017-11-10T00:00:00,GHCND:USC00156094,0
",,N,",PRCP,2017-11-11T00:00:00,GHCND:US1KYDV0003,0
",,N,",SNOW,2017-11-11T00:00:00,GHCND:US1KYDV0003,0
",,N,",PRCP,2017-11-11T00:00:00,GHCND:US1KYDV0006,0
",,N,",SNOW,2017-11-11T00:00:00,GHCND:US1KYDV0006,0
",,N,",PRCP,2017-11-11T00:00:00,GHCND:US1KYDV0009,0
",,7,0600",PRCP,2017-11-11T00:00:00,GHCND:USC00156094,0
",,N,",PRCP,2017-11-12T00:00:00,GHCND:US1KYDV0003,0
",,N,",SNOW,2017-11-12T00:00:00,GHCND:US1KYDV0003,0
",,N,",PRCP,2017-11-12T00:00:00,GHCND:US1KYDV0006,0
",,N,",SNOW,2017-11-12T00:00:00,GHCND:US1KYDV0006,0
",,N,",PRCP,2017-11-12T00:00:00,GHCND:US1KYDV0009,0
",,7,0600",PRCP,2017-11-12T00:00:00,GHCND:USC00156094,0
",,N,",PRCP,2017-11-13T00:00:00,GHCND:US1KYDV0003,38
",,N,",PRCP,2017-11-13T00:00:00,GHCND:US1KYDV0006,13
",,N,",PRCP,2017-11-13T00:00:00,GHCND:US1KYDV0009,10
",,7,0600",PRCP,2017-11-13T00:00:00,GHCND:USC00156094,10
",,N,",PRCP,2017-11-14T00:00:00,GHCND:US1KYDV0003,0
",,N,",SNOW,2017-11-14T00:00:00,GHCND:US1KYDV0003,0
",,N,",PRCP,2017-11-14T00:00:00,GHCND:US1KYDV0006,0
",,N,",SNOW,2017-11-14T00:00:00,GHCND:US1KYDV0006,0
",,N,",PRCP,2017-11-14T00:00:00,GHCND:US1KYDV0009,0
",,7,0600",PRCP,2017-11-14T00:00:00,GHCND:USC00156094,0
",,N,",PRCP,2017-11-15T00:00:00,GHCND:US1KYDV0003,0
",,N,",SNOW,2017-11-15T00:00:00,GHCND:US1KYDV0003,0
",,N,",PRCP,2017-11-15T00:00:00,GHCND:US1KYDV0006,0
",,N,",SNOW,2017-11-15T00:00:00,GHCND:US1KYDV0006,0
"T,,N,",PRCP,2017-11-15T00:00:00,GHCND:US1KYDV0009,0
",,7,0600",PRCP,2017-11-15T00:00:00,GHCND:USC00156094,0
",,N,",PRCP,2017-11-16T00:00:00,GHCND:US1KYDV0003,41
",,N,",PRCP,2017-11-16T00:00:00,GHCND:US1KYDV0006,74
",,N,",PRCP,2017-11-16T00:00:00,GHCND:US1KYDV0007,46
",,N,",PRCP,2017-11-16T00:00:00,GHCND:US1KYDV0009,64
",,7,0600",PRCP,2017-11-16T00:00:00,GHCND:USC00156094,56
",,N,",PRCP,2017-11-17T00:00:00,GHCND:US1KYDV0003,0
",,N,",SNOW,2017-11-17T00:00:00,GHCND:US1KYDV0003,0
",,N,",PRCP,2017-11-17T00:00:00,GHCND:US1KYDV0006,0
",,N,",SNOW,2017-11-17T00:00:00,GHCND:US1KYDV0006,0
",,N,",PRCP,2017-11-17T00:00:00,GHCND:US1KYDV0009,0
",,7,0600",PRCP,2017-11-17T00:00:00,GHCND:USC00156094,0
",,N,",PRCP,2017-11-18T00:00:00,GHCND:US1KYDV0003,0
",,N,",SNOW,2017-11-18T00:00:00,GHCND:US1KYDV0003,0
",,N,",PRCP,2017-11-18T00:00:00,GHCND:US1KYDV0006,0
",,N,",SNOW,2017-11-18T00:00:00,GHCND:US1KYDV0006,0
"T,,N,",PRCP,2017-11-18T00:00:00,GHCND:US1KYDV0009,0
",,7,0600",PRCP,2017-11-18T00:00:00,GHCND:USC00156094,0
",,N,",PRCP,2017-11-19T00:00:00,GHCND:US1KYDV0003,71
",,N,",PRCP,2017-11-19T00:00:00,GHCND:US1KYDV0006,122
",,N,",PRCP,2017-11-19T00:00:00,GHCND:US1KYDV0009,91
",,7,0600",PRCP,2017-11-19T00:00:00,GHCND:USC00156094,79
",,N,",PRCP,2017-11-20T00:00:00,GHCND:US1KYDV0003,0
",,N,",SNOW,2017-11-20T00:00:00,GHCND:US1KYDV0003,0
",,N,",PRCP,2017-11-20T00:00:00,GHCND:US1KYDV0006,0
",,N,",SNOW,2017-11-20T00:00:00,GHCND:US1KYDV0006,0
",,N,",PRCP,2017-11-20T00:00:00,GHCND:US1KYDV0009,0
",,7,0600",PRCP,2017-11-20T00:00:00,GHCND:USC00156094,0
",,N,",PRCP,2017-11-21T00:00:00,GHCND:US1KYDV0003,0
",,N,",SNOW,2017-11-21T00:00:00,GHCND:US1KYDV0003,0
",,N,",PRCP,2017-11-21T00:00:00,GHCND:US1KYDV0006,0
",,N,",SNOW,2017-11-21T00:00:00,GHCND:US1KYDV0006,0
",,N,",PRCP,2017-11-21T00:00:00,GHCND:US1KYDV0009,0
",,7,0600",PRCP,2017-11-21T00:00:00,GHCND:USC00156094,0
",,N,",PRCP,2017-11-22T00:00:00,GHCND:US1KYDV0003,0
",,N,",SNOW,2017-11-22T00:00:00,GHCND:US1KYDV0003,0
",,N,",PRCP,2017-11-22T00:00:00,GHCND:US1KYDV0006,0
",,N,",SNOW,2017-11-22T00:00:00,GHCND:US1KYDV0006,0
",,N,",PRCP,2017-11-22T00:00:00,GHCND:US1KYDV0009,0
",,7,0600",PRCP,2017-11-22T00:00:00,GHCND:USC00156094,0
",,N,",PRCP,2017-11-23T00:00:00,GHCND:US1KYDV0003,0
",,N,",SNOW,2017-11-23T00:00:00,GHCND:US1KYDV0003,0
",,N,",PRCP,2017-11-23T00:00:00,GHCND:US1KYDV0006,0
",,N,",SNOW,2017-11-23T00:00:00,GHCND:US1KYDV0006,0
",,N,",PRCP,2017-11-23T00:00:00,GHCND:US1KYDV0009,0
",,7,0600",PRCP,2017-11-23T00:00:00,GHCND:USC00156094,0
",,N,",PRCP,2017-11-24T00:00:00,GHCND:US1KYDV0003,0
",,N,",SNOW,2017-11-24T00:00:00,GHCND:US1KYDV0003,0
",,N,",PRCP,2017-11-24T00:00:00,GHCND:US1KYDV0006,0
",,N,",SNOW,2017-11-24T00:00:00,GHCND:US1KYDV0006,0
",,7,0600",PRCP,2017-11-24T00:00:00,GHCND:USC00156094,0
",,N,",PRCP,2017-11-25T00:00:00,GHCND:US1KYDV0003,0
",,N,",SNOW,2017-11-25T00:00:00,GHCND:US1KYDV0003,0
",,N,",PRCP,2017-11-25T00:00:00,GHCND:US1KYDV0006,0
",,N,",SNOW,2017-11-25T00:00:00,GHCND:US1KYDV0006,0
",,N,",PRCP,2017-11-25T00:00:00,GHCND:US1KYDV0009,0
",,7,0600",PRCP,2017-11-25T00:00:00,GHCND:USC00156094,0
",,N,",PRCP,2017-11-26T00:00:00,GHCND:US1KYDV0003,0
",,N,",SNOW,2017-11-26T00:00:00,GHCND:US1KYDV0003,0
",,N,",PRCP,2017-11-26T00:00:00,GHCND:US1KYDV0006,0
",,N,",SNOW,2017-11-26T00:00:00,GHCND:US1KYDV0006,0
",,N,",PRCP,2017-11-26T00:00:00,GHCND:US1KYDV0009,0
",,7,0600",PRCP,2017-11-26T00:00:00,GHCND:USC00156094,0
",,N,",PRCP,2017-11-27T00:00:00,GHCND:US1KYDV0003,0
",,N,",SNOW,2017-11-27T00:00:00,GHCND:US1KYDV0003,0
",,N,",PRCP,2017-11-27T00:00:00,GHCND:US1KYDV0006,0
",,N,",SNOW,2017-11-27T00:00:00,GHCND:US1KYDV0006,0
",,N,",PRCP,2017-11-27T00:00:00,GHCND:US1KYDV0009,0
",,7,0600",PRCP,2017-11-27T00:00:00,GHCND:USC00156094,0
",,N,",PRCP,2017-11-28T00:00:00,GHCND:US1KYDV0003,0
",,N,",SNOW,2017-11-28T00:00:00,GHCND:US1KYDV0003,0
",,N,",PRCP,2017-11-28T00:00:00,GHCND:US1KYDV0006,0
",,N,",SNOW,2017-11-28T00:00:00,GHCND:US1KYDV0006,0
",,N,",PRCP,2017-11-28T00:00:00,GHCND:US1KYDV0009,0
",,7,0600",PRCP,2017-11-28T00:00:00,GHCND:USC00156094,0
",,N,",PRCP,2017-11-29T00:00:00,GHCND:US1KYDV0003,0
",,N,",SNOW,2017-11-29T00:00:00,GHCND:US1KYDV0003,0
",,N,",PRCP,2017-11-29T00:00:00,GHCND:US1KYDV0006,0
",,N,",SNOW,2017-11-29T00:00:00,GHCND:US1KYDV0006,0
",,N,",PRCP,2017-11-29T00:00:00,GHCND:US1KYDV0009,0
",,7,0600",PRCP,2017-11-29T00:00:00,GHCND:USC00156094,0
",,N,",PRCP,2017-11-30T00:00:00,GHCND:US1KYDV0003,0
",,N,",SNOW,2017-11-30T00:00:00,GHCND:US1KYDV0003,0
"T,,N,",PRCP,2017-11-30T00:00:00,GHCND:US1KYDV0006,0
",,N,",PRCP,2017-11-30T00:00:00,GHCND:US1KYDV0009,5
",,7,0600",PRCP,2017-11-30T00:00:00,GHCND:USC00156094,3
",,N,",PRCP,2017-12-01T00:00:00,GHCND:US1KYDV0003,0
",,N,",SNOW,2017-12-01T00:00:00,GHCND:US1KYDV0003,0
",,N,",PRCP,2017-12-01T00:00:00,GHCND:US1KYDV0006,20
",,N,",PRCP,2017-12-01T00:00:00,GHCND:US1KYDV0009,3
",,7,0600",PRCP,2017-12-01T00:00:00,GHCND:USC00156094,5
",,N,",PRCP,2017-12-02T00:00:00,GHCND:US1KYDV0003,0
",,N,",SNOW,2017-12-02T00:00:00,GHCND:US1KYDV0003,0
",,N,",PRCP,2017-12-02T00:00:00,GHCND:US1KYDV0006,0
",,N,",SNOW,2017-12-02T00:00:00,GHCND:US1KYDV0006,0
",,N,",PRCP,2017-12-02T00:00:00,GHCND:US1KYDV0009,0
",,7,0600",PRCP,2017-12-02T00:00:00,GHCND:USC00156094,0
",,N,",PRCP,2017-12-03T00:00:00,GHCND:US1KYDV0003,0
",,N,",SNOW,2017-12-03T00:00:00,GHCND:US1KYDV0003,0
",,N,",PRCP,2017-12-03T00:00:00,GHCND:US1KYDV0006,0
",,N,",SNOW,2017-12-03T00:00:00,GHCND:US1KYDV0006,0
",,N,",PRCP,2017-12-03T00:00:00,GHCND:US1KYDV0009,0
",,7,0600",PRCP,2017-12-03T00:00:00,GHCND:USC00156094,0
",,N,",PRCP,2017-12-04T00:00:00,GHCND:US1KYDV0003,0
",,N,",SNOW,2017-12-04T00:00:00,GHCND:US1KYDV0003,0
",,N,",PRCP,2017-12-04T00:00:00,GHCND:US1KYDV0006,0
",,N,",SNOW,2017-12-04T00:00:00,GHCND:US1KYDV0006,0
",,N,",PRCP,2017-12-04T00:00:00,GHCND:US1KYDV0009,0
",,7,0600",PRCP,2017-12-04T00:00:00,GHCND:USC00156094,0
",,N,",PRCP,2017-12-05T00:00:00,GHCND:US1KYDV0003,241
",,N,",PRCP,2017-12-05T00:00:00,GHCND:US1KYDV0006,351
",,N,",PRCP,2017-12-05T00:00:00,GHCND:US1KYDV0007,224
",,N,",PRCP,2017-12-05T00:00:00,GHCND:US1KYDV0009,196
",,7,0600",PRCP,2017-12-05T00:00:00,GHCND:USC00156094,221
",,N,",PRCP,2017-12-06T00:00:00,GHCND:US1KYDV0003,0
",,N,",SNOW,2017-12-06T00:00:00,GHCND:US1KYDV0003,0
",,N,",PRCP,2017-12-06T00:00:00,GHCND:US1KYDV0006,0
",,N,",SNOW,2017-12-06T00:00:00,GHCND:US1KYDV0006,0
",,N,",PRCP,2017-12-06T00:00:00,GHCND:US1KYDV0009,0
",,7,0600",PRCP,2017-12-06T00:00:00,GHCND:USC00156094,0
",,N,",PRCP,2017-12-07T00:00:00,GHCND:US1KYDV0003,0
",,N,",SNOW,2017-12-07T00:00:00,GHCND:US1KYDV0003,0
",,N,",PRCP,2017-12-07T00:00:00,GHCND:US1KYDV0006,0
",,N,",SNOW,2017-12-07T00:00:00,GHCND:US1KYDV0006,0
",,N,",PRCP,2017-12-07T00:00:00,GHCND:US1KYDV0009,0
",,7,0600",PRCP,2017-12-07T00:00:00,GHCND:USC00156094,0
",,N,",PRCP,2017-12-08T00:00:00,GHCND:US1KYDV0003,0
",,N,",SNOW,2017-12-08T00:00:00,GHCND:US1KYDV0003,0
",,N,",PRCP,2017-12-08T00:00:00,GHCND:US1KYDV0006,0
",,N,",SNOW,2017-12-08T00:00:00,GHCND:US1KYDV0006,0
",,N,",PRCP,2017-12-08T00:00:00,GHCND:US1KYDV0009,0
",,7,0600",PRCP,2017-12-08T00:00:00,GHCND:USC00156094,0
",,N,",PRCP,2017-12-09T00:00:00,GHCND:US1KYDV0003,0
",,N,",SNOW,2017-12-09T00:00:00,GHCND:US1KYDV0003,0
",,N,",PRCP,2017-12-09T00:00:00,GHCND:US1KYDV0006,0
",,N,",SNOW,2017-12-09T00:00:00,GHCND:US1KYDV0006,0
",,N,",PRCP,2017-12-09T00:00:00,GHCND:US1KYDV0009,0
",,7,0600",PRCP,2017-12-09T00:00:00,GHCND:USC00156094,0
",,N,",PRCP,2017-12-10T00:00:00,GHCND:US1KYDV0003,0
",,N,",SNOW,2017-12-10T00:00:00,GHCND:US1KYDV0003,0
"T,,N,",PRCP,2017-12-10T00:00:00,GHCND:US1KYDV0006,0
",,N,",WESF,2017-12-10T00:00:00,GHCND:US1KYDV0006,5
",,N,",PRCP,2017-12-10T00:00:00,GHCND:US1KYDV0009,0
",,7,0600",PRCP,2017-12-10T00:00:00,GHCND:USC00156094,0
",,N,",PRCP,2017-12-11T00:00:00,GHCND:US1KYDV0003,0
",,N,",SNOW,2017-12-11T00:00:00,GHCND:US1KYDV0003,0
",,N,",PRCP,2017-12-11T00:00:00,GHCND:US1KYDV0006,0
",,N,",SNOW,2017-12-11T00:00:00,GHCND:US1KYDV0006,0
",,N,",PRCP,2017-12-11T00:00:00,GHCND:US1KYDV0009,0
",,7,0600",PRCP,2017-12-11T00:00:00,GHCND:USC00156094,0
",,N,",PRCP,2017-12-12T00:00:00,GHCND:US1KYDV0003,0
",,N,",SNOW,2017-12-12T00:00:00,GHCND:US1KYDV0003,0
"T,,N,",PRCP,2017-12-12T00:00:00,GHCND:US1KYDV0006,0
",,N,",PRCP,2017-12-12T00:00:00,GHCND:US1KYDV0007,5
",,7,0600",PRCP,2017-12-12T00:00:00,GHCND:USC00156094,0
",,N,",PRCP,2017-12-13T00:00:00,GHCND:US1KYDV0003,0
",,N,",SNOW,2017-12-13T00:00:00,GHCND:US1KYDV0003,0
",,N,",PRCP,2017-12-13T00:00:00,GHCND:US1KYDV0006,0
",,N,",SNOW,2017-12-13T00:00:00,GHCND:US1KYDV0006,0
",,N,",PRCP,2017-12-13T00:00:00,GHCND:US1KYDV0009,0
",,7,0600",PRCP,2017-12-13T00:00:00,GHCND:USC00156094,0
",,N,",PRCP,2017-12-14T00:00:00,GHCND:US1KYDV0003,0
",,N,",SNOW,2017-12-14T00:00:00,GHCND:US1KYDV0003,0
",,N,",PRCP,2017-12-14T00:00:00,GHCND:US1KYDV0006,0
",,N,",SNOW,2017-12-14T00:00:00,GHCND:US1KYDV0006,0
",,7,0600",PRCP,2017-12-14T00:00:00,GHCND:USC00156094,0
",,N,",PRCP,2017-12-15T00:00:00,GHCND:US1KYDV0003,0
",,N,",SNOW,2017-12-15T00:00:00,GHCND:US1KYDV0003,0
",,N,",PRCP,2017-12-15T00:00:00,GHCND:US1KYDV0006,0
",,N,",SNOW,2017-12-15T00:00:00,GHCND:US1KYDV0006,0
",,7,0600",PRCP,2017-12-15T00:00:00,GHCND:USC00156094,0
",,N,",PRCP,2017-12-16T00:00:00,GHCND:US1KYDV0003,0
",,N,",SNOW,2017-12-16T00:00:00,GHCND:US1KYDV0003,0
",,N,",PRCP,2017-12-16T00:00:00,GHCND:US1KYDV0006,0
",,N,",SNOW,2017-12-16T00:00:00,GHCND:US1KYDV0006,0
",,N,",PRCP,2017-12-16T00:00:00,GHCND:US1KYDV0009,0
",,7,0600",PRCP,2017-12-16T00:00:00,GHCND:USC00156094,0
",,N,",PRCP,2017-12-17T00:00:00,GHCND:US1KYDV0003,0
",,N,",SNOW,2017-12-17T00:00:00,GHCND:US1KYDV0003,0
",,N,",PRCP,2017-12-17T00:00:00,GHCND:US1KYDV0006,0
",,N,",SNOW,2017-12-17T00:00:00,GHCND:US1KYDV0006,0
",,N,",PRCP,2017-12-17T00:00:00,GHCND:US1KYDV0009,0
",,7,0600",PRCP,2017-12-17T00:00:00,GHCND:USC00156094,0
",,N,",PRCP,2017-12-18T00:00:00,GHCND:US1KYDV0003,0
",,N,",SNOW,2017-12-18T00:00:00,GHCND:US1KYDV0003,0
"T,,N,",PRCP,2017-12-18T00:00:00,GHCND:US1KYDV0006,0
",,N,",PRCP,2017-12-18T00:00:00,GHCND:US1KYDV0009,5
",,7,0600",PRCP,2017-12-18T00:00:00,GHCND:USC00156094,8
",,N,",PRCP,2017-12-19T00:00:00,GHCND:US1KYDV0003,0
",,N,",SNOW,2017-12-19T00:00:00,GHCND:US1KYDV0003,0
",,N,",PRCP,2017-12-19T00:00:00,GHCND:US1KYDV0006,0
",,N,",SNOW,2017-12-19T00:00:00,GHCND:US1KYDV0006,0
"T,,N,",PRCP,2017-12-19T00:00:00,GHCND:US1KYDV0009,0
",,7,0600",PRCP,2017-12-19T00:00:00,GHCND:USC00156094,3
",,N,",PRCP,2017-12-20T00:00:00,GHCND:US1KYDV0003,0
",,N,",SNOW,2017-12-20T00:00:00,GHCND:US1KYDV0003,0
"T,,N,",PRCP,2017-12-20T00:00:00,GHCND:US1KYDV0006,0
"T,,N,",PRCP,2017-12-20T00:00:00,GHCND:US1KYDV0009,0
",,7,0600",PRCP,2017-12-20T00:00:00,GHCND:USC00156094,3
",,N,",PRCP,2017-12-21T00:00:00,GHCND:US1KYDV0003,0
",,N,",SNOW,2017-12-21T00:00:00,GHCND:US1KYDV0003,0
",,N,",PRCP,2017-12-21T00:00:00,GHCND:US1KYDV0006,0
",,N,",SNOW,2017-12-21T00:00:00,GHCND:US1KYDV0006,0
",,N,",PRCP,2017-12-21T00:00:00,GHCND:US1KYDV0009,0
",,7,0600",PRCP,2017-12-21T00:00:00,GHCND:USC00156094,0
",,N,",PRCP,2017-12-22T00:00:00,GHCND:US1KYDV0003,0
",,N,",SNOW,2017-12-22T00:00:00,GHCND:US1KYDV0003,0
",,N,",PRCP,2017-12-22T00:00:00,GHCND:US1KYDV0006,0
",,N,",SNOW,2017-12-22T00:00:00,GHCND:US1KYDV0006,0
",,N,",PRCP,2017-12-22T00:00:00,GHCND:US1KYDV0009,0
",,7,0600",PRCP,2017-12-22T00:00:00,GHCND:USC00156094,0
",,N,",PRCP,2017-12-23T00:00:00,GHCND:US1KYDV0003,470
",,N,",PRCP,2017-12-23T00:00:00,GHCND:US1KYDV0006,569
",,N,",PRCP,2017-12-23T00:00:00,GHCND:US1KYDV0009,460
",,7,0600",PRCP,2017-12-23T00:00:00,GHCND:USC00156094,455
",,N,",PRCP,2017-12-24T00:00:00,GHCND:US1KYDV0003,30
",,N,",PRCP,2017-12-24T00:00:00,GHCND:US1KYDV0006,69
",,N,",PRCP,2017-12-24T00:00:00,GHCND:US1KYDV0009,38
",,7,0600",PRCP,2017-12-24T00:00:00,GHCND:USC00156094,5
",,N,",PRCP,2017-12-25T00:00:00,GHCND:US1KYDV0003,0
",,N,",SNOW,2017-12-25T00:00:00,GHCND:US1KYDV0003,0
",,N,",PRCP,2017-12-25T00:00:00,GHCND:US1KYDV0006,0
",,N,",SNOW,2017-12-25T00:00:00,GHCND:US1KYDV0006,0
",,N,",PRCP,2017-12-25T00:00:00,GHCND:US1KYDV0009,5
",,7,0600",PRCP,2017-12-25T00:00:00,GHCND:USC00156094,3
",,N,",PRCP,2017-12-26T00:00:00,GHCND:US1KYDV0003,0
",,N,",SNOW,2017-12-26T00:00:00,GHCND:US1KYDV0003,0
"T,,N,",PRCP,2017-12-26T00:00:00,GHCND:US1KYDV0006,0
",,N,",WESF,2017-12-26T00:00:00,GHCND:US1KYDV0006,5
",,N,",PRCP,2017-12-26T00:00:00,GHCND:US1KYDV0009,3
",,N,",SNOW,2017-12-26T00:00:00,GHCND:US1KYDV0009,5
"T,,7,0600",PRCP,2017-12-26T00:00:00,GHCND:USC00156094,0
"T,,7,",SNOW,2017-12-26T00:00:00,GHCND:USC00156094,0
"T,,7,",SNWD,2017-12-26T00:00:00,GHCND:USC00156094,0
",,N,",PRCP,2017-12-27T00:00:00,GHCND:US1KYDV0003,0
",,N,",SNOW,2017-12-27T00:00:00,GHCND:US1KYDV0003,0
",,N,",PRCP,2017-12-27T00:00:00,GHCND:US1KYDV0006,0
",,N,",SNOW,2017-12-27T00:00:00,GHCND:US1KYDV0006,0
",,N,",PRCP,2017-12-27T00:00:00,GHCND:US1KYDV0009,0
",,7,0600",PRCP,2017-12-27T00:00:00,GHCND:USC00156094,0
",,N,",PRCP,2017-12-28T00:00:00,GHCND:US1KYDV0003,0
",,N,",SNOW,2017-12-28T00:00:00,GHCND:US1KYDV0003,0
",,N,",PRCP,2017-12-28T00:00:00,GHCND:US1KYDV0006,0
",,N,",SNOW,2017-12-28T00:00:00,GHCND:US1KYDV0006,0
",,N,",PRCP,2017-12-28T00:00:00,GHCND:US1KYDV0009,0
",,7,0600",PRCP,2017-12-28T00:00:00,GHCND:USC00156094,0
",,N,",PRCP,2017-12-29T00:00:00,GHCND:US1KYDV0003,0
",,N,",SNOW,2017-12-29T00:00:00,GHCND:US1KYDV0003,0
",,N,",PRCP,2017-12-29T00:00:00,GHCND:US1KYDV0006,0
",,N,",SNOW,2017-12-29T00:00:00,GHCND:US1KYDV0006,0
",,N,",PRCP,2017-12-29T00:00:00,GHCND:US1KYDV0009,0
",,7,0600",PRCP,2017-12-29T00:00:00,GHCND:USC00156094,0
",,N,",PRCP,2017-12-30T00:00:00,GHCND:US1KYDV0003,0
",,N,",SNOW,2017-12-30T00:00:00,GHCND:US1KYDV0003,0
",,N,",PRCP,2017-12-30T00:00:00,GHCND:US1KYDV0006,0
",,N,",SNOW,2017-12-30T00:00:00,GHCND:US1KYDV0006,0
",,N,",PRCP,2017-12-30T00:00:00,GHCND:US1KYDV0009,0
",,7,0600",PRCP,2017-12-30T00:00:00,GHCND:USC00156094,0
",,N,",PRCP,2017-12-31T00:00:00,GHCND:US1KYDV0003,0
",,N,",SNOW,2017-12-31T00:00:00,GHCND:US1KYDV0003,0
",,N,",PRCP,2017-12-31T00:00:00,GHCND:US1KYDV0006,0
",,N,",SNOW,2017-12-31T00:00:00,GHCND:US1KYDV0006,0
",,N,",PRCP,2017-12-31T00:00:00,GHCND:US1KYDV0009,0
",,7,0600",PRCP,2017-12-31T00:00:00,GHCND:USC00156094,0
",,N,",PRCP,2018-01-01T00:00:00,GHCND:US1KYDV0003,0
",,N,",SNOW,2018-01-01T00:00:00,GHCND:US1KYDV0003,0
",,N,",PRCP,2018-01-01T00:00:00,GHCND:US1KYDV0006,0
",,N,",SNOW,2018-01-01T00:00:00,GHCND:US1KYDV0006,0
",,7,0600",PRCP,2018-01-01T00:00:00,GHCND:USC00156094,0
